ground_truth,PIPLUP_no_merge,PIPLUP,count
"<*>: scheduler_evaluate_activity told me to run this job; however, but the start time isn't for <*> seconds. Ignoring.","<*>: scheduler_evaluate_activity told me to run this job; however, but the start time isn't for <*> seconds. Ignoring.","<*>: scheduler_evaluate_activity told me to run this job; however, but the start time isn't for <*> seconds. Ignoring.",7711
Cocoa scripting error for '<*>': four character codes must be four characters long.,Cocoa scripting error for '<*>': four character codes must be four characters long.,Cocoa scripting error for '<*>': four character codes must be four characters long.,3930
AppleCamIn::systemWakeCall - messageType = <*>,AppleCamIn::systemWakeCall - messageType = <*>,AppleCamIn::systemWakeCall - messageType = <*>,2679
dnssd_clientstub ConnectToServer: connect()-> No of tries: <*>,dnssd_clientstub ConnectToServer: connect()-> No of tries: <*>,dnssd_clientstub ConnectToServer: connect()-> No of tries: <*>,2304
Thermal pressure state: <*> Memory pressure state: <*>,Thermal pressure state: <*> Memory pressure state: <*>,Thermal pressure state: <*> Memory pressure state: <*>,1859
<*>(<*>)::listenerCallback - Thunderbolt HPD packet for route = <*> port = <*> unplug = <*>,<*>)::listenerCallback - Thunderbolt HPD packet for route = <*> port = <*> unplug = <*>,<*>)::listenerCallback - Thunderbolt HPD packet for route = <*> port = <*> unplug = <*>,1764
send_datagram_available_ping: pid <*> failed to act on a ping it dequeued before timing out.,send_datagram_available_ping: pid <*> failed to act on a ping it dequeued before timing out.,send_datagram_available_ping: pid <*> failed to act on a ping it dequeued before timing out.,1668
Sandbox: com.apple.Addres(<*>) deny(<*>) network-outbound <*>,Sandbox: <*>) deny(<*>) network-outbound <*>,Sandbox: <*>) deny(<*>) network-outbound <*>,1659
<*>: channel changed to <*>,en0: channel changed to <*>,en0: channel changed to <*>,1510
ARPT: <*>: <*>: MDNS: <*> Addr: <*>,ARPT: <*>: wl0: MDNS: IPV6 Addr: <*>,ARPT: <*>: wl0: MDNS: IPV6 Addr: <*>,1325
"CCFile::copyFile fileName is [<*>]-<*>, source path:<*>, dest path:<*>","CCFile::copyFile fileName is [<*>]-<*>, source path:<*>]-<*>, dest path:<*>]=<*>:sts:5_rsn:<*>]-<*>","CCFile::copyFile fileName is [<*>]-<*>, source path:<*>]-<*>, dest path:<*>]=<*>:sts:5_rsn:<*>]-<*>",1283
CCFile::captureLogRun Skipping current file Dir file <*> Current File <*>,"CCFile::captureLogRun Skipping current file Dir file [<*>]-<*>, Current File [<*>]-<*>","CCFile::captureLogRun Skipping current file Dir file [<*>]-<*>, Current File [<*>]-<*>",1254
<*>(<*>) deny network-outbound <*>,<*>) deny network-outbound <*>,<*>) deny network-outbound <*>,1245
CCFile::captureLogRun() Exiting CCFile::captureLogRun,CCFile::captureLogRun() Exiting CCFile::captureLogRun,CCFile::captureLogRun() Exiting CCFile::captureLogRun,1242
AppleCamIn::wakeEventHandlerThread,AppleCamIn::wakeEventHandlerThread,AppleCamIn::wakeEventHandlerThread,1064
[<*>] <<<< Boss >>>> figPlaybackBossPrerollCompleted: unexpected preroll-complete notification,[<*>] <<<< Boss >>>> figPlaybackBossPrerollCompleted: unexpected preroll-complete notification,[<*>] <<<< Boss >>>> figPlaybackBossPrerollCompleted: unexpected preroll-complete notification,1052
[<*>] FigAgglomeratorSetObjectForKey signalled err=<*> (<*>) (<*> key) at <*> line <*>,[<*>] FigAgglomeratorSetObjectForKey signalled err=-<*> (kFigStringConformerError_ParamErr) (NULL key) at <*> line <*>,[<*>] FigAgglomeratorSetObjectForKey signalled err=-<*> (kFigStringConformerError_ParamErr) (NULL key) at <*> line <*>,1048
AppleThunderboltGenericHAL::earlyWake - complete - took <*> milliseconds,AppleThunderboltGenericHAL::earlyWake - complete - took <*> milliseconds,AppleThunderboltGenericHAL::earlyWake - complete - took <*> milliseconds,1019
AppleThunderboltNHIType2::prePCIWake - power up complete - took <*> us,AppleThunderboltNHIType2::prePCIWake - power up complete - took <*> us,AppleThunderboltNHIType2::prePCIWake - power up complete - took <*> us,1019
CCFile::captureLog Received Capture notice id: <*> reason = <*>,CCFile::captureLog Received Capture notice id: <*> reason = <*>:sts:5_rsn:<*>,CCFile::captureLog Received Capture notice id: <*> reason = <*>:sts:5_rsn:<*>,969
CCFile::captureLog,CCFile::captureLog,CCFile::captureLog,968
Received Capture Event,Received Capture Event,Received Capture Event,959
<*>: BSSID changed to <*>,0,0,956
"Path not allowed in target domain: type = <*> path = <*> error = <*>: The specified service did not ship in the requestor's bundle, origin = <*>","Path not allowed in target domain: type = <*> path = <*> error = <*>: The specified service did not ship in the requestor's bundle, origin = <*>","Path not allowed in target domain: type = <*> path = <*> error = <*>: The specified service did not ship in the requestor's bundle, origin = <*>",925
tcp_connection_handle_connect_conditions_bad <*> failed: <*> - No network route,tcp_connection_handle_connect_conditions_bad <*> failed: <*> - No network route,tcp_connection_handle_connect_conditions_bad <*> failed: <*> - No network route,888
FA||Url||taskID[<*>] dealloc,FA||Url||taskID[<*>] dealloc,FA||Url||taskID[<*>] dealloc,888
-[NETClientConnection effectiveBundleID] using process name <*> as bundle ID (this is expected for daemons without bundle ID,-[NETClientConnection effectiveBundleID] using process name <*> as bundle ID (this is expected for daemons without bundle ID,-[NETClientConnection effectiveBundleID] using process name <*> as bundle ID (this is expected for daemons without bundle ID,780
dnssd_clientstub ConnectToServer: connect() failed path:<*> Socket:<*> Err:<*> Errno:<*> Operation not permitted,dnssd_clientstub ConnectToServer: connect() failed path:<*> Socket:<*> Err:-<*> Errno:<*> Operation not permitted,dnssd_clientstub ConnectToServer: connect() failed path:<*> Socket:<*> Err:-<*> Errno:<*> Operation not permitted,768
-[NetworkAnalyticsEngine _writeJournalRecord:fromCellFingerprint:key:atLOI:ofKind:lqm:isFaulty:] Hashing of the primary key failed. Dropping the journal record.,-[NetworkAnalyticsEngine _writeJournalRecord:fromCellFingerprint:key:atLOI:ofKind:lqm:isFaulty:] Hashing of the primary key failed. Dropping the journal record.,-[NetworkAnalyticsEngine _writeJournalRecord:fromCellFingerprint:key:atLOI:ofKind:lqm:isFaulty:] Hashing of the primary key failed. Dropping the journal record.,746
in6_unlink_ifa: IPv6 address <*> has no prefix,in6_unlink_ifa: IPv6 address <*> has no prefix,in6_unlink_ifa: IPv6 address <*> has no prefix,715
AppleCamIn::handleWakeEvent_gated,AppleCamIn::handleWakeEvent_gated,AppleCamIn::handleWakeEvent_gated,701
Location icon should now be in state <*>,Location icon should now be in state 'Inactive',Location icon should now be in state 'Inactive',691
Location icon should now be in state <*>,Location icon should now be in state 'Active',Location icon should now be in state 'Active',691
"PM response took <*> ms (<*>, <*>)","PM response took <*> (<*>, <*>)","PM response took <*> (<*>, <*>)",685
Error returned from iconservicesagent: (<*>),Error returned from iconservicesagent: (null),Error returned from iconservicesagent: (null),679
-[ISGenerateImageOp generateImageWithCompletion:] Failed to composit image for descriptor <*>.,-[ISGenerateImageOp generateImageWithCompletion:] Failed to composit image for descriptor <ISBindingImageDescriptor: <*>.,-[ISGenerateImageOp generateImageWithCompletion:] Failed to composit image for descriptor <ISBindingImageDescriptor: <*>.,679
KeychainGetICDPStatus: status: <*>,KeychainGetICDPStatus: status: off,KeychainGetICDPStatus: status: off,664
KeychainGetICDPStatus: keychain: <*>,KeychainGetICDPStatus: keychain: -<*>,KeychainGetICDPStatus: keychain: -<*>,664
"NETWORK: requery, <*> items, fQueryRetries, <*> fLastRetryTimestamp, <*>","NETWORK: requery, <*> items, fQueryRetries, <*> fLastRetryTimestamp, <*>","NETWORK: requery, <*> items, fQueryRetries, <*> fLastRetryTimestamp, <*>",658
ASL Sender Statistics,ASL Sender Statistics,ASL Sender Statistics,643
button report: <*>,button report: <*>,button report: <*>,633
<*>::<*>::<*> bssid changed,en0::IO80211Interface::postMessage bssid changed,en0::IO80211Interface::postMessage bssid changed,600
[HID] [ATC] AppleDeviceManagementHIDEventService::processWakeReason Wake reason: Host (<*>),[HID] [ATC] AppleDeviceManagementHIDEventService::processWakeReason Wake reason: Host (<*>),[HID] [ATC] AppleDeviceManagementHIDEventService::processWakeReason Wake reason: Host (<*>),572
"IO80211AWDLPeerManager::setAwdlSuspendedMode() Suspending AWDL, enterQuietMode(<*>)","IO80211AWDLPeerManager::setAwdlSuspendedMode() Suspending AWDL, enterQuietMode(true)","IO80211AWDLPeerManager::setAwdlSuspendedMode() Suspending AWDL, enterQuietMode(true)",535
IO80211AWDLPeerManager::setAwdlOperatingMode Setting the AWDL operation mode from <*> to <*>,IO80211AWDLPeerManager::setAwdlOperatingMode Setting the AWDL operation mode from SUSPENDED to AUTO,IO80211AWDLPeerManager::setAwdlOperatingMode Setting the AWDL operation mode from SUSPENDED to AUTO,535
IO80211AWDLPeerManager::setAwdlOperatingMode Setting the AWDL operation mode from <*> to <*>,IO80211AWDLPeerManager::setAwdlOperatingMode Setting the AWDL operation mode from AUTO to SUSPENDED,IO80211AWDLPeerManager::setAwdlOperatingMode Setting the AWDL operation mode from AUTO to SUSPENDED,535
-[UABestAppSuggestionManager notifyBestAppChanged:type:options:bundleIdentifier:activityType:dynamicIdentifier:when:confidence:deviceName:deviceIdentifier:deviceType:] (<*>) UASuggestedActionType=<*> (<*>)/(<*>) opts=(<*>) when=<*> confidence=<*> from=(<*>)/(<*>) (<*> #<*>),-[UABestAppSuggestionManager notifyBestAppChanged:type:options:bundleIdentifier:activityType:dynamicIdentifier:when:confidence:deviceName:deviceIdentifier:deviceType:] (null) UASuggestedActionType=<*> (null)/(null) opts=(null) when=<*> +<*> confidence=<*> from=(null)/(null) (UABestAppSuggestionManager.m #<*>),-[UABestAppSuggestionManager notifyBestAppChanged:type:options:bundleIdentifier:activityType:dynamicIdentifier:when:confidence:deviceName:deviceIdentifier:deviceType:] (null) UASuggestedActionType=<*> (null)/(null) opts=(null) when=<*> +<*> confidence=<*> from=(null)/(null) (UABestAppSuggestionManager.m #<*>),533
TBT W (<*>): <*> [<*>],TBT W (<*>): <*> [x],TBT W (<*>): <*> [x],532
AirPort: Link Down on <*> Reason <*> (Unspecified).,AirPort: Link Down on awdl0. Reason <*> (Unspecified).,AirPort: Link Down on awdl0. Reason <*> (Unspecified).,532
AirPort: Link Up on <*>,AirPort: Link Up on awdl0,AirPort: Link Up on awdl0,532
USBMSC Identifier (non-unique): <*>,USBMSC Identifier (non-unique): <*> <*>,USBMSC Identifier (non-unique): <*> <*>,532
Previous sleep cause: <*>,Previous sleep cause: <*>,Previous sleep cause: <*>,532
ARPT: <*>: AirPort_Brcm43xx::powerChange: System Sleep,ARPT: <*>: AirPort_Brcm43xx::powerChange: System Sleep,ARPT: <*>: AirPort_Brcm43xx::powerChange: System Sleep,532
Bluetooth -- LE is supported - Disable LE meta event,Bluetooth -- LE is supported - Disable LE meta event,Bluetooth -- LE is supported - Disable LE meta event,532
AppleThunderboltNHIType2::waitForOk2Go2Sx - intel_rp = <*> dlla_reporting_supported = <*>,AppleThunderboltNHIType2::waitForOk2Go2Sx - intel_rp = <*> dlla_reporting_supported = <*>,AppleThunderboltNHIType2::waitForOk2Go2Sx - intel_rp = <*> dlla_reporting_supported = <*>,532
AppleThunderboltNHIType2::waitForOk2Go2Sx - retries = <*>,AppleThunderboltNHIType2::waitForOk2Go2Sx - retries = <*>,AppleThunderboltNHIType2::waitForOk2Go2Sx - retries = <*>,532
ARPT: <*>: AirPort_Brcm43xx::platformWoWEnable: WWEN[<*>],ARPT: <*>: AirPort_Brcm43xx::platformWoWEnable: WWEN[disable],ARPT: <*>: AirPort_Brcm43xx::platformWoWEnable: WWEN[disable],532
ARPT: <*>: <*>: leaveModulePoweredForOffloads: Wi-Fi will stay on.,ARPT: <*>: wl0: leaveModulePoweredForOffloads: Wi-Fi will stay on.,ARPT: <*>: wl0: leaveModulePoweredForOffloads: Wi-Fi will stay on.,531
ARPT: <*>: AirPort_Brcm43xx::syncPowerState: WWEN[<*>],ARPT: <*>: AirPort_Brcm43xx::syncPowerState: WWEN[enabled],ARPT: <*>: AirPort_Brcm43xx::syncPowerState: WWEN[enabled],531
ARPT: <*>: AirPort_Brcm43xx::platformWoWEnable: WWEN[<*>],ARPT: <*>: AirPort_Brcm43xx::platformWoWEnable: WWEN[enable],ARPT: <*>: AirPort_Brcm43xx::platformWoWEnable: WWEN[enable],531
jemmytest,jemmytest,jemmytest,526
IO80211AWDLPeerManager::setAwdlAutoMode Resuming AWDL,IO80211AWDLPeerManager::setAwdlAutoMode Resuming AWDL,IO80211AWDLPeerManager::setAwdlAutoMode Resuming AWDL,521
<*>[NetworkAnalyticsEngine observeValueForKeyPath:ofObject:change:context:]_block_invoke unexpected switch value <*>,__73-[NetworkAnalyticsEngine observeValueForKeyPath:ofObject:change:context:]_block_invoke unexpected switch value <*>,__73-[NetworkAnalyticsEngine observeValueForKeyPath:ofObject:change:context:]_block_invoke unexpected switch value <*>,503
-[NETClientConnection <*>] <*> - Perform <*>! <*>,-[NETClientConnection evaluateCrazyIvan46] CI46 - Perform CrazyIvan46! <*>,-[NETClientConnection evaluateCrazyIvan46] CI46 - Perform CrazyIvan46! <*>,483
"ARPT: <*>: IOPMPowerSource Information: onSleep, SleepType: <*> 'ExternalConnected': <*> 'TimeRemaining': <*>,",0,0,475
CCIOReporterFormatter::refreshSubscriptionsFromStreamRegistry clearing out any previous subscriptions,CCIOReporterFormatter::refreshSubscriptionsFromStreamRegistry clearing out any previous subscriptions,CCIOReporterFormatter::refreshSubscriptionsFromStreamRegistry clearing out any previous subscriptions,472
CCIOReporterFormatter::addRegistryChildToChannelDictionary streams <*>,CCIOReporterFormatter::addRegistryChildToChannelDictionary streams <*>,CCIOReporterFormatter::addRegistryChildToChannelDictionary streams <*>,472
<*>[NETClientConnection evaluateCrazyIvan46]_block_invoke <*> - Hit by torpedo! <*>,__42-[NETClientConnection evaluateCrazyIvan46]_block_invoke CI46 - Hit by torpedo! <*>,__42-[NETClientConnection evaluateCrazyIvan46]_block_invoke CI46 - Hit by torpedo! <*>,449
"SOSAccountThisDeviceCanSyncWithCircle sync with device failure: Error Domain=<*> Code=<*> <*>"" UserInfo={NSDescription=<*>}","SOSAccountThisDeviceCanSyncWithCircle sync with device failure: Error Domain=<*> Code=<*> ""Account identity not set"" UserInfo={NSDescription=<*> identity not set}","SOSAccountThisDeviceCanSyncWithCircle sync with device failure: Error Domain=<*> Code=<*> ""Account identity not set"" UserInfo={NSDescription=<*> identity not set}",446
<*>: Supported channels <*>,en0: Supported channels <*>,en0: Supported channels <*>,445
ARPT: <*>: <*>: setup_keepalive: Local port: <*> Remote port: <*>,ARPT: <*>: wl0: setup_keepalive: Local port: <*> Remote port: <*>,ARPT: <*>: wl0: setup_keepalive: Local port: <*> Remote port: <*>,445
ARPT: <*>: <*>: setup_keepalive: interval <*> retry_interval <*> retry_count <*>,ARPT: <*>: wl0: setup_keepalive: interval <*> retry_interval <*> retry_count <*>,ARPT: <*>: wl0: setup_keepalive: interval <*> retry_interval <*> retry_count <*>,445
ARPT: <*>: <*>: setup_keepalive: Seq: <*> Ack: <*> Win size: <*>,ARPT: <*>: wl0: setup_keepalive: Seq: <*> Ack: <*> Win size: <*>,ARPT: <*>: wl0: setup_keepalive: Seq: <*> Ack: <*> Win size: <*>,445
ARPT: <*>: <*>: setup_keepalive: Local IP: <*>,ARPT: <*>: wl0: setup_keepalive: Local IP: <*>,ARPT: <*>: wl0: setup_keepalive: Local IP: <*>,445
"ARPT: <*>: <*>: MDNS: <*> SRV Recs, <*> TXT Recs","ARPT: <*>: wl0: MDNS: <*> SRV Recs, <*> TXT Recs","ARPT: <*>: wl0: MDNS: <*> SRV Recs, <*> TXT Recs",445
ARPT: <*>: <*>: MDNS: <*> Addr: <*>,ARPT: <*>: wl0: MDNS: IPV4 Addr: <*>,ARPT: <*>: wl0: MDNS: IPV4 Addr: <*>,445
ARPT: <*>: <*>: wl_update_tcpkeep_seq: Original Seq: <*> Ack: <*> Win size: <*>,ARPT: <*>: wl0: wl_update_tcpkeep_seq: Original Seq: <*> Ack: <*> Win size: <*>,ARPT: <*>: wl0: wl_update_tcpkeep_seq: Original Seq: <*> Ack: <*> Win size: <*>,442
ARPT: <*>: <*>: wl_update_tcpkeep_seq: Updated <*> from UserClient Seq <*> Ack <*> Win size <*>,ARPT: <*>: wl0: wl_update_tcpkeep_seq: Updated <*> from UserClient Seq <*> Ack <*> Win size <*>,ARPT: <*>: wl0: wl_update_tcpkeep_seq: Updated <*> from UserClient Seq <*> Ack <*> Win size <*>,440
doSaveChannels@<*>: Will write to: <*> - <*>,doSaveChannels@<*>: Will write to: <*>] - AssocFail:sts:5_rsn:<*>,doSaveChannels@<*>: Will write to: <*>] - AssocFail:sts:5_rsn:<*>,419
ARPT: <*>: wlc_dump_aggfifo:,ARPT: <*>: wlc_dump_aggfifo:,ARPT: <*>: wlc_dump_aggfifo:,418
ARPT: <*>: AQM agg params <*> maxlen hi/lo <*> minlen <*> adjlen <*>,ARPT: <*>: AQM agg params <*> maxlen <*> minlen <*> adjlen <*>,ARPT: <*>: AQM agg params <*> maxlen <*> minlen <*> adjlen <*>,418
ARPT: <*>: framerdy <*> bmccmd <*> framecnt <*>,ARPT: <*>: framerdy <*> bmccmd <*> framecnt <*>,ARPT: <*>: framerdy <*> bmccmd <*> framecnt <*>,418
ARPT: <*>: AQM agg results <*> len hi/lo: <*> BAbitmap(<*>) <*>,ARPT: <*>: AQM agg results <*> len <*>: <*> BAbitmap(<*>) <*>,ARPT: <*>: AQM agg results <*> len <*>: <*> BAbitmap(<*>) <*>,418
nw_nat64_post_new_ifstate successfully changed NAT64 ifstate from <*> to <*>,nw_nat64_post_new_ifstate successfully changed NAT64 ifstate from <*> to <*>,nw_nat64_post_new_ifstate successfully changed NAT64 ifstate from <*> to <*>,414
"Setting BTCoex Config: enable_2G:<*>, profile_2g:<*>, enable_5G:<*>, profile_5G:<*>","Setting BTCoex Config: enable_2G:<*>, profile_2g:<*>, enable_5G:<*>, profile_5G:<*>","Setting BTCoex Config: enable_2G:<*>, profile_2g:<*>, enable_5G:<*>, profile_5G:<*>",388
Saw change in network reachability (isReachable=<*>),Saw change in network reachability (isReachable=<*>),Saw change in network reachability (isReachable=<*>),362
"setting hostname to ""<*>""","setting hostname to ""<*>""","setting hostname to ""<*>""",356
-[SOAPParser:<*> parser:didStartElement:namespaceURI:qualifiedName:attributes:] Type not found in EWSItemType for ExchangePersonIdGuid (t:ExchangePersonIdGuid),-[SOAPParser:<*> parser:didStartElement:namespaceURI:qualifiedName:attributes:] Type not found in EWSItemType for ExchangePersonIdGuid (t:ExchangePersonIdGuid),-[SOAPParser:<*> parser:didStartElement:namespaceURI:qualifiedName:attributes:] Type not found in EWSItemType for ExchangePersonIdGuid (t:ExchangePersonIdGuid),355
Unrecognized attribute value: <*>,Unrecognized attribute value: t:AbchPersonItemType,Unrecognized attribute value: t:AbchPersonItemType,355
############################## _getSysMsgList,############################## _getSysMsgList,############################## _getSysMsgList,343
<*> : BTLE scanner Powered <*>,<*> : BTLE scanner Powered On,<*> : BTLE scanner Powered On,323
Wake reason: <*>,Wake reason: <*> (<*>),Wake reason: <*> (<*>),319
mDNS_RegisterInterface: Frequent transitions for interface <*> (<*>),mDNS_RegisterInterface: Frequent transitions for interface <*> (<*>),mDNS_RegisterInterface: Frequent transitions for interface <*> (<*>),318
Unable to simultaneously satisfy constraints:,Unable to simultaneously satisfy constraints:,Unable to simultaneously satisfy constraints:,273
tcp_connection_tls_session_error_callback_imp <*> error <*>,tcp_connection_tls_session_error_callback_imp <*> __tcp_connection_tls_session_callback_write_block_invoke.<*> error <*>,tcp_connection_tls_session_error_callback_imp <*> __tcp_connection_tls_session_callback_write_block_invoke.<*> error <*>,270
[<*>] [Refusing to parse response to PROPPATCH because of content-type: [<*>; charset=<*>].],[<*>] [Refusing to parse response to PROPPATCH because of content-type: [<*>; charset=<*>].],[<*>] [Refusing to parse response to PROPPATCH because of content-type: [<*>; charset=<*>].],265
ARPT: <*>: ARPT: Wake Reason: Wake on Scan offload,ARPT: <*>: ARPT: Wake Reason: Wake on Scan offload,ARPT: <*>: ARPT: Wake Reason: Wake on Scan offload,262
Unexpected payload found for message <*> dataLen <*>,Unexpected payload found for message <*> dataLen <*>,Unexpected payload found for message <*> dataLen <*>,255
RTC: PowerByCalendarDate setting ignored,RTC: PowerByCalendarDate setting ignored,RTC: PowerByCalendarDate setting ignored,252
RTC: Maintenance <*> sleep <*>,RTC: Maintenance <*> sleep <*>,RTC: Maintenance <*> sleep <*>,251
<*> | I | VoipWrapper | DAVEngineImpl.cpp:<*>:Close | close video chat. llFriendUIN = <*>,<*> | I | VoipWrapper | DAVEngineImpl.cpp:<*>:Close | close video chat. llFriendUIN = <*>.,<*> | I | VoipWrapper | DAVEngineImpl.cpp:<*>:Close | close video chat. llFriendUIN = <*>.,247
SecOSStatusWith error:[<*>] Error Domain=NSOSStatusErrorDomain Code=<*> <*> (paramErr: error in user parameter list) UserInfo={NSDescription=<*>},"SecOSStatusWith error:[-<*>] Error Domain=<*> Code=-<*> ""query missing class name"" (paramErr: error in user parameter list) UserInfo={NSDescription=<*> missing class name}","SecOSStatusWith error:[-<*>] Error Domain=<*> Code=-<*> ""query missing class name"" (paramErr: error in user parameter list) UserInfo={NSDescription=<*> missing class name}",244
"securityd_xpc_dictionary_handler cloudd[<*>] copy_matching Error Domain=<*> Code=<*> <*>"" (paramErr: error in user parameter list) UserInfo={NSDescription=<*>}","securityd_xpc_dictionary_handler cloudd[<*>] copy_matching Error Domain=<*> Code=-<*> ""query missing class name"" (paramErr: error in user parameter list) UserInfo={NSDescription=<*> missing class name}","securityd_xpc_dictionary_handler cloudd[<*>] copy_matching Error Domain=<*> Code=-<*> ""query missing class name"" (paramErr: error in user parameter list) UserInfo={NSDescription=<*> missing class name}",244
AirPort: Link Up on <*>,AirPort: Link Up on en0,AirPort: Link Up on en0,225
<*>: <*> country code set to <*>,en0: <*> country code set to 'X3'.,en0: <*> country code set to 'X3'.,224
<*>: <*> country code set to <*>,en0: <*> country code set to 'US'.,en0: <*> country code set to 'US'.,224
[<*>] <<<< CRABS >>>> crabsFlumeHostUnavailable: [<*>] Byte flume reports host unavailable.,[<*>] <<<< CRABS >>>> crabsFlumeHostUnavailable: [<*>] Byte flume reports host unavailable.,[<*>] <<<< CRABS >>>> crabsFlumeHostUnavailable: [<*>] Byte flume reports host unavailable.,222
Configuration Notice:,Configuration Notice:,Configuration Notice:,216
AirPort: Link Down on <*> Reason <*> (Disassociated because station leaving).,AirPort: Link Down on en0. Reason <*> (Disassociated because station leaving).,AirPort: Link Down on en0. Reason <*> (Disassociated because station leaving).,216
[<*>] <<<< CRABS >>>> crabsFlumeHostAvailable: <*> Byte flume reports host available again.,[<*>] <<<< CRABS >>>> crabsFlumeHostAvailable: [<*>] Byte flume reports host available again.,[<*>] <<<< CRABS >>>> crabsFlumeHostAvailable: [<*>] Byte flume reports host available again.,212
tcp_connection_destination_perform_socket_connect <*> connectx to <*> failed: [<*>] Network is down,tcp_connection_destination_perform_socket_connect <*> connectx to <*> failed: [<*>] Network is down,tcp_connection_destination_perform_socket_connect <*> connectx to <*> failed: [<*>] Network is down,210
network changed: <*> DNS! Proxy SMB,0,0,208
sigio_handler: sigio_handler_active != <*>,sigio_handler: sigio_handler_active != <*>,sigio_handler: sigio_handler_active != <*>,206
<*> : BTLE scanner Powered <*>,<*> : BTLE scanner Powered Off,<*> : BTLE scanner Powered Off,205
<*> : Scanning mode <*>,<*> : Scanning mode Contacts Only,<*> : Scanning mode Contacts Only,201
Wake reason: <*>,Wake reason: ?,Wake reason: ?,198
mDNS_DeregisterInterface: Frequent transitions for interface <*> (<*>),mDNS_DeregisterInterface: Frequent transitions for interface <*> (<*>),mDNS_DeregisterInterface: Frequent transitions for interface <*> (<*>),185
[<*>(<*>)] Failed to read DnsConfig.,[<*>:WARNING:dns_config_service_posix.cc(<*>)] Failed to read DnsConfig.,[<*>:WARNING:dns_config_service_posix.cc(<*>)] Failed to read DnsConfig.,185
Captive: CNPluginHandler <*>: Inactive,Captive: CNPluginHandler en0: Inactive,Captive: CNPluginHandler en0: Inactive,181
network changed: DNS* <*>,network changed: DNS* Proxy,network changed: DNS* Proxy,180
"network_reachability_changed : network is not reachable, netbiosd is shutting down","network_reachability_changed : network is not reachable, netbiosd is shutting down","network_reachability_changed : network is not reachable, netbiosd is shutting down",179
network changed: <*> DNS+ Proxy+ SMB,network changed: <*>) <*> Proxy+ SMB,network changed: <*>) <*> Proxy+ SMB,179
Captive: [CNInfoNetworkActive:<*>] <*>: SSID <*> making interface primary (cache indicates network not captive),Captive: [CNInfoNetworkActive:<*>] en0: SSID 'CalVisitor' making interface primary (cache indicates network not captive),Captive: [CNInfoNetworkActive:<*>] en0: SSID 'CalVisitor' making interface primary (cache indicates network not captive),177
Captive: <*>: Not probing <*> (cache indicates not captive),Captive: en0: Not probing 'CalVisitor' (cache indicates not captive),Captive: en0: Not probing 'CalVisitor' (cache indicates not captive),177
[<*>] itemasync_SetProperty signalled err=<*> (<*>) (invalidated) at <*> line <*>,[<*>] itemasync_SetProperty signalled err=-<*> (kFigBaseObjectError_Invalidated) (invalidated) at <*> line <*>,[<*>] itemasync_SetProperty signalled err=-<*> (kFigBaseObjectError_Invalidated) (invalidated) at <*> line <*>,175
[<*>] <<<< IQ-CA >>>> piqca_setUsePreQueue: <*> rejecting report of layer being serviced - IQ has not yet begun to update,[<*>] <<<< IQ-CA >>>> piqca_setUsePreQueue: (<*>) rejecting report of layer being serviced - IQ has not yet begun to update,[<*>] <<<< IQ-CA >>>> piqca_setUsePreQueue: (<*>) rejecting report of layer being serviced - IQ has not yet begun to update,167
"CCLogTap::profileRemoved, Owner: <*> Name: <*>","CCLogTap::profileRemoved, Owner: <*> Name: <*>","CCLogTap::profileRemoved, Owner: <*> Name: <*>",165
<*>: BSSID changed to <*>,en0: BSSID changed to 5c:<*>:bc:<*>,en0: BSSID changed to 5c:<*>:bc:<*>,162
network changed: <*> DNS- Proxy-,network changed: v6(en0-:<*>) DNS- Proxy-,network changed: v6(en0-:<*>) DNS- Proxy-,157
network changed: <*> DNS! Proxy SMB,network changed: v4(en0-:<*>) v6(<*>) DNS! Proxy SMB,network changed: v4(en0-:<*>) v6(<*>) DNS! Proxy SMB,156
ASSERTION FAILED: dvcAddrRef != <*> -[DriverServices getDeviceAddress:] line: <*>,ASSERTION FAILED: dvcAddrRef != ((void *)<*>) -[DriverServices getDeviceAddress:] line: <*>,ASSERTION FAILED: dvcAddrRef != ((void *)<*>) -[DriverServices getDeviceAddress:] line: <*>,151
"ARPT: <*>: <*>: Roamed or switched channel, reason #<*>, bssid <*> last RSSI <*>","ARPT: <*>: wl0: Roamed or switched channel, reason #<*>, bssid 5c:<*>:4c:<*>, last RSSI -<*>","ARPT: <*>: wl0: Roamed or switched channel, reason #<*>, bssid 5c:<*>:4c:<*>, last RSSI -<*>",150
"Google Chrome <*> triggered unnest of range <*> of DYLD shared region in VM map <*> While not abnormal for debuggers, this increases system memory footprint until the target exits.","Google Chrome He[<*>] triggered unnest of range <*> of DYLD shared region in VM map <*> While not abnormal for debuggers, this increases system memory footprint until the target exits.","Google Chrome He[<*>] triggered unnest of range <*> of DYLD shared region in VM map <*> While not abnormal for debuggers, this increases system memory footprint until the target exits.",149
ARPT: <*>: ARPT: Wake Reason: Wake on TCP Timeout,ARPT: <*>: ARPT: Wake Reason: Wake on TCP Timeout,ARPT: <*>: ARPT: Wake Reason: Wake on TCP Timeout,148
Peripheral manager is not powered on,Peripheral manager is not powered on,Peripheral manager is not powered on,147
<IMMacNotificationCenterManager: <*>: notification observer: <*> notification: __CFNotification <*> {name = <*>},<IMMacNotificationCenterManager: <*>: notification observer: <*> notification: __CFNotification <*> {name = <*>},<IMMacNotificationCenterManager: <*>: notification observer: <*> notification: __CFNotification <*> {name = <*>},147
<IMMacNotificationCenterManager: <*>: Updating enabled: <*> (Topics: (,0,0,147
<IMMacNotificationCenterManager: <*>: NC Disabled: <*>,<IMMacNotificationCenterManager: <*>: NC Disabled: NO,<IMMacNotificationCenterManager: <*>: NC Disabled: NO,147
<IMMacNotificationCenterManager: <*>: DND Enabled: <*>,0,0,147
polled file major <*> minor <*> blocksize <*> pollers <*>,polled file major <*> minor <*> blocksize <*> pollers <*>,polled file major <*> minor <*> blocksize <*> pollers <*>,137
kern_open_file_for_direct_io(<*>),kern_open_file_for_direct_io(<*>),kern_open_file_for_direct_io(<*>),137
kern_open_file_for_direct_io took <*> ms,kern_open_file_for_direct_io took <*>,kern_open_file_for_direct_io took <*>,137
Opened file <*> size <*> extents <*> maxio <*> ssd <*>,Opened file <*> size <*> extents <*> maxio <*> ssd <*>,Opened file <*> size <*> extents <*> maxio <*> ssd <*>,137
<*>(<*>) deny mach-lookup <*>,QQ(<*>) deny mach-lookup <*>,QQ(<*>) deny mach-lookup <*>,135
device_generate_desktop_screenshot: authw <*> shield <*>(<*>),"device_generate_desktop_screenshot: authw <*>), shield <*>)","device_generate_desktop_screenshot: authw <*>), shield <*>)",117
CGXDisplayDidWakeNotification [<*>]: posting kCGSDisplayDidWake,CGXDisplayDidWakeNotification [<*>]: posting kCGSDisplayDidWake,CGXDisplayDidWakeNotification [<*>]: posting kCGSDisplayDidWake,117
"device_generate_lock_screen_screenshot: authw <*>(<*>)[<*>, <*> <*>] shield <*>(<*>), dev [<*>]","device_generate_lock_screen_screenshot: authw <*>)[<*>, <*> <*>] shield <*>), dev [<*>]","device_generate_lock_screen_screenshot: authw <*>)[<*>, <*> <*>] shield <*>), dev [<*>]",117
hibernate_page_list_setall time: <*> ms,hibernate_page_list_setall time: <*>,hibernate_page_list_setall time: <*>,114
INIT -- Host controller is published,INIT -- Host controller is published,INIT -- Host controller is published,114
pages <*> wire <*> act <*> inact <*> cleaned <*> spec <*> zf <*> throt <*> compr <*> xpmapped <*>,pages <*> wire <*> act <*> inact <*> cleaned <*> spec <*> zf <*> throt <*> compr <*> xpmapped <*>,pages <*> wire <*> act <*> inact <*> cleaned <*> spec <*> zf <*> throt <*> compr <*> xpmapped <*>,114
AppleActuatorDeviceUserClient::<*> Entered,<*> Entered,<*> Entered,114
[BluetoothHIDDeviceController]ERROR: Could not find the disconnected object,[BluetoothHIDDeviceController]ERROR: Could not find the disconnected object,[BluetoothHIDDeviceController]ERROR: Could not find the disconnected object,114
[BluetoothHIDDeviceController] EventServiceConnectedCallback,[BluetoothHIDDeviceController] EventServiceConnectedCallback,[BluetoothHIDDeviceController] EventServiceConnectedCallback,114
hibernate_page_list_setall(preflight <*>) start,hibernate_page_list_setall(preflight <*>) start,hibernate_page_list_setall(preflight <*>) start,114
Error: [<*>][<*>]Couldn't copy BD_ADDR,Error: [AppleBluetoothHIDDeviceGen2][_setEventService:]Couldn't copy BD_ADDR,Error: [AppleBluetoothHIDDeviceGen2][_setEventService:]Couldn't copy BD_ADDR,114
AppleActuatorDevice::<*> Entered,<*> Entered,<*> Entered,114
[BluetoothHIDDeviceController] EventServiceDisconnectedCallback,[BluetoothHIDDeviceController] EventServiceDisconnectedCallback,[BluetoothHIDDeviceController] EventServiceDisconnectedCallback,114
WARNING: hibernate_page_list_setall skipped <*> xpmapped pages,WARNING: hibernate_page_list_setall skipped <*> xpmapped pages,WARNING: hibernate_page_list_setall skipped <*> xpmapped pages,114
<*> : BTLE scanning stopped,<*> : BTLE scanning stopped,<*> : BTLE scanning stopped,113
<*> : BTLE scanning started,<*> : BTLE scanning started,<*> : BTLE scanning started,112
[<*>] itemasync_CopyProperty signalled err=<*> (<*>) at <*> line <*>,[<*>] itemasync_CopyProperty signalled err=-<*> (kFigBaseObjectError_Invalidated) (invalidated) at <*> line <*>,[<*>] itemasync_CopyProperty signalled err=-<*> (kFigBaseObjectError_Invalidated) (invalidated) at <*> line <*>,111
Stream <*> is sending an event before being opened,Stream <*> is sending an event before being opened,Stream <*> is sending an event before being opened,108
"IOPMrootDomain: idle cancel, state <*>","IOPMrootDomain: idle cancel, state <*>","IOPMrootDomain: idle cancel, state <*>",107
<*> : Purged contact hashes,<*> : Purged contact hashes,<*> : Purged contact hashes,106
"[Accounts] Failed to update account with identifier <*> error: Error Domain=<*> Code=<*> ""(<*>)""","[Accounts] Failed to update account with identifier <*> error: Error Domain=<*> Code=<*> ""(null)""","[Accounts] Failed to update account with identifier <*> error: Error Domain=<*> Code=<*> ""(null)""",106
"[Accounts] Current connection, <NSXPCConnection: <*> connection from pid <*> doesn't have account access.","[Accounts] Current connection, <NSXPCConnection: <*> connection from pid <*> doesn't have account access.","[Accounts] Current connection, <NSXPCConnection: <*> connection from pid <*> doesn't have account access.",106
<*> : Discoverable mode changed to Contacts Only,<*> : Discoverable mode changed to Contacts Only,<*> : Discoverable mode changed to Contacts Only,105
<*> : Discoverable mode changed to Off,<*> : Discoverable mode changed to Off,<*> : Discoverable mode changed to Off,103
Failed to <*> a scan - central is not powered on: <*>,Failed to stop a scan - central is not powered on: <*>,Failed to stop a scan - central is not powered on: <*>,102
"CFPasteboardRef CFPasteboardCreate(CFAllocatorRef, CFStringRef) : failed to create global data","CFPasteboardRef CFPasteboardCreate(CFAllocatorRef, CFStringRef) : failed to create global data","CFPasteboardRef CFPasteboardCreate(CFAllocatorRef, CFStringRef) : failed to create global data",92
Telling CSI to exit low power.,Telling CSI to exit low power.,Telling CSI to exit low power.,91
"NETWORK: no response from server, reachability, <*> queryRetries, <*>","NETWORK: no response from server, reachability, <*> queryRetries, <*>","NETWORK: no response from server, reachability, <*> queryRetries, <*>",91
<*> : Starting AirDrop server for user <*> on wake,<*> : Starting AirDrop server for user <*> on wake,<*> : Starting AirDrop server for user <*> on wake,91
CFNetwork SSLHandshake failed (<*>),CFNetwork SSLHandshake failed (-<*>),CFNetwork SSLHandshake failed (-<*>),89
<*> ERROR: <*>: timed out after <*> (<*>); mMajorChangePending=<*>,<*> ERROR: <*>: timed out after <*> (<*>); mMajorChangePending=<*>,<*> ERROR: <*>: timed out after <*> (<*>); mMajorChangePending=<*>,87
Sandbox: SpotlightNetHelp(<*>) deny(<*>) ipc-posix-shm-read-data <*>,Sandbox: SpotlightNetHelp(<*>) deny(<*>) ipc-posix-shm-read-data CFPBS:<*>:,Sandbox: SpotlightNetHelp(<*>) deny(<*>) ipc-posix-shm-read-data CFPBS:<*>:,86
enabling pid=<*> for plug-in <*>,enabling pid=<*> for plug-in <*>) <*>,enabling pid=<*> for plug-in <*>) <*>,84
handle_will_sleep_auth_and_shield_windows: Deferring.,handle_will_sleep_auth_and_shield_windows: Deferring.,handle_will_sleep_auth_and_shield_windows: Deferring.,83
host connection <NSXPCConnection: <*> connection from pid <*> invalidated,host connection <NSXPCConnection: <*> connection from pid <*> invalidated,host connection <NSXPCConnection: <*> connection from pid <*> invalidated,82
plugin <*> invalidated,plugin <*> invalidated,plugin <*> invalidated,75
WARNING: <*> font data isn't in the correct format required by the Adobe Type <*> Font Format specification.,WARNING: Type1 font data isn't in the correct format required by the Adobe Type <*> Font Format specification.,WARNING: Type1 font data isn't in the correct format required by the Adobe Type <*> Font Format specification.,70
tcp_connection_destination_perform_socket_connect <*> connectx to <*> failed: [<*>] No route to host,tcp_connection_destination_perform_socket_connect <*> connectx to <*> failed: [<*>] No route to host,tcp_connection_destination_perform_socket_connect <*> connectx to <*> failed: [<*>] No route to host,66
"PBRequester failed with Error Error Domain=<*> Code=<*> <*>"" <*> {Error Domain=<*> Code=<*> <*>"" <*> _kCFStreamErrorCodeKey=<*>, _kCFStreamErrorDomainKey=<*>, NSLocalizedDescription=<*>}}, <*> _kCFStreamErrorDomainKey=<*>, _kCFStreamErrorCodeKey=<*>, NSLocalizedDescription=<*>}","PBRequester failed with Error Error Domain=<*> Code=-<*> ""The Internet connection appears to be offline."" UserInfo={NSUnderlyingError=<*> {Error Domain=<*> Code=-<*> ""The Internet connection appears to be offline."" UserInfo={NSErrorFailingURLStringKey=<*>, NSErrorFailingURLKey=<*>, _kCFStreamErrorCodeKey=<*>, _kCFStreamErrorDomainKey=<*>, NSLocalizedDescription=<*> Internet connection appears to be offline.}}, NSErrorFailingURLStringKey=<*>, NSErrorFailingURLKey=<*>, _kCFStreamErrorDomainKey=<*>, _kCFStreamErrorCodeKey=<*>, NSLocalizedDescription=<*> Internet connection appears to be offline.}","PBRequester failed with Error Error Domain=<*> Code=-<*> ""The Internet connection appears to be offline."" UserInfo={NSUnderlyingError=<*> {Error Domain=<*> Code=-<*> ""The Internet connection appears to be offline."" UserInfo={NSErrorFailingURLStringKey=<*>, NSErrorFailingURLKey=<*>, _kCFStreamErrorCodeKey=<*>, _kCFStreamErrorDomainKey=<*>, NSLocalizedDescription=<*> Internet connection appears to be offline.}}, NSErrorFailingURLStringKey=<*>, NSErrorFailingURLKey=<*>, _kCFStreamErrorDomainKey=<*>, _kCFStreamErrorCodeKey=<*>, NSLocalizedDescription=<*> Internet connection appears to be offline.}",66
Error in CoreDragRemoveReceiveHandler: <*>,Error in CoreDragRemoveReceiveHandler: -<*>,Error in CoreDragRemoveReceiveHandler: -<*>,65
Error in CoreDragRemoveTrackingHandler: <*>,Error in CoreDragRemoveTrackingHandler: -<*>,Error in CoreDragRemoveTrackingHandler: -<*>,65
(ImportBailout.Error:<*>) Asked to exit for <*>,(ImportBailout.Error:<*>) Asked to exit for Diskarb,(ImportBailout.Error:<*>) Asked to exit for Diskarb,65
"<<<< FigByteStream >>>> FigByteStreamStatsLogOneRead: ByteStream read of <*> bytes @ <*> took <*> secs. to complete, <*> reads >= <*> sec.","<<<< FigByteStream >>>> FigByteStreamStatsLogOneRead: ByteStream read of <*> bytes @ <*> took <*> secs. to complete, <*> reads >= <*>.","<<<< FigByteStream >>>> FigByteStreamStatsLogOneRead: ByteStream read of <*> bytes @ <*> took <*> secs. to complete, <*> reads >= <*>.",61
Endpoint has been activated through legacy launch(<*>) APIs. Please switch to XPC or bootstrap_check_in(): <*>,Endpoint has been activated through legacy launch(<*>) APIs. Please switch to XPC or bootstrap_check_in(): <*>,Endpoint has been activated through legacy launch(<*>) APIs. Please switch to XPC or bootstrap_check_in(): <*>,59
wake time set <*> s,wake time set -<*>,wake time set -<*>,58
did discard act <*> inact <*> purgeable <*> spec <*> cleaned <*>,did discard act <*> inact <*> purgeable <*> spec <*> cleaned <*>,did discard act <*> inact <*> purgeable <*> spec <*> cleaned <*>,57
encryptStart <*>,encryptStart <*>,encryptStart <*>,57
Unable to start NetBIOS name service:,Unable to start NetBIOS name service:,Unable to start NetBIOS name service:,57
efi pagecount <*>,efi pagecount <*>,efi pagecount <*>,57
hibernate_teardown: mark_as_unneeded_pages <*>,hibernate_teardown: mark_as_unneeded_pages <*> <*>,hibernate_teardown: mark_as_unneeded_pages <*> <*>,57
could discard act <*> inact <*> purgeable <*> spec <*> cleaned <*>,could discard act <*> inact <*> purgeable <*> spec <*> cleaned <*>,could discard act <*> inact <*> purgeable <*> spec <*> cleaned <*>,57
hostControllerOnline - Number of Paired devices = <*> List of Paired devices = (,hostControllerOnline - Number of Paired devices = <*> List of Paired devices = (,hostControllerOnline - Number of Paired devices = <*> List of Paired devices = (,57
hibernate_teardown started,hibernate_teardown started,hibernate_teardown started,57
hibernate_teardown completed - discarded <*>,hibernate_teardown completed - discarded <*>,hibernate_teardown completed - discarded <*>,57
hibernate_teardown: wired_pages <*> free_pages <*> active_pages <*> inactive_pages <*> speculative_pages <*> cleaned_pages <*> compressor_pages <*>,hibernate_teardown: wired_pages <*> free_pages <*> active_pages <*> inactive_pages <*> speculative_pages <*> cleaned_pages <*> compressor_pages <*>,hibernate_teardown: wired_pages <*> free_pages <*> active_pages <*> inactive_pages <*> speculative_pages <*> cleaned_pages <*> compressor_pages <*>,57
hibernate_setup(<*>) took <*> ms,hibernate_setup(<*>) took <*>,hibernate_setup(<*>) took <*>,57
hibernate_teardown_pmap_structs done: last_valid_compact_indx <*>,hibernate_teardown_pmap_structs done: last_valid_compact_indx <*>,hibernate_teardown_pmap_structs done: last_valid_compact_indx <*>,57
IOPolledFilePollersOpen(<*>) <*> ms,IOPolledFilePollersOpen(<*>) <*>,IOPolledFilePollersOpen(<*>) <*>,57
"IOHibernatePollerOpen, ml_get_interrupts_enabled <*>","IOHibernatePollerOpen, ml_get_interrupts_enabled <*>","IOHibernatePollerOpen, ml_get_interrupts_enabled <*>",57
IOHibernatePollerOpen(<*>),IOHibernatePollerOpen(<*>),IOHibernatePollerOpen(<*>),57
IOBluetoothUSBDFU::probe avoid Bluetooth automatic firmware update because USB Bluetooth active,IOBluetoothUSBDFU::probe avoid Bluetooth automatic firmware update because USB Bluetooth active,IOBluetoothUSBDFU::probe avoid Bluetooth automatic firmware update because USB Bluetooth active,57
IOBluetoothUSBDFU::probe,IOBluetoothUSBDFU::probe,IOBluetoothUSBDFU::probe,57
hibernate_rebuild_pmap_structs done: last_valid_compact_indx <*>,hibernate_rebuild_pmap_structs done: last_valid_compact_indx <*>,hibernate_rebuild_pmap_structs done: last_valid_compact_indx <*>,57
hibernate_rebuild started,hibernate_rebuild started,hibernate_rebuild started,57
hibernate_rebuild completed - took <*> msecs,<*> completed - took <*> msecs,<*> completed - took <*> msecs,57
Host controller terminated,Host controller terminated,Host controller terminated,57
hciControllerOnline; HID devices? <*>,hciControllerOnline; HID devices? <*>,hciControllerOnline; HID devices? <*>,57
BuildActDeviceEntry exit,BuildActDeviceEntry exit,BuildActDeviceEntry exit,57
PMStats: Hibernate read took <*> ms,PMStats: Hibernate read took <*>,PMStats: Hibernate read took <*>,57
Previous shutdown cause: <*>,Previous shutdown cause: <*>,Previous shutdown cause: <*>,57
hibernate_page_list_setall preflight pageCount <*> est comp <*> setfile <*> min <*>,hibernate_page_list_setall preflight pageCount <*> est comp <*> setfile <*> min <*>,hibernate_page_list_setall preflight pageCount <*> est comp <*> setfile <*> min <*>,57
hibernate_page_list_setall found pageCount <*>,hibernate_page_list_setall found pageCount <*>,hibernate_page_list_setall found pageCount <*>,57
"hibernate_newruntime_map time: <*> ms, IOPolledFilePollersOpen(), ml_get_interrupts_enabled <*>","hibernate_newruntime_map time: <*> IOPolledFilePollersOpen(), ml_get_interrupts_enabled <*>","hibernate_newruntime_map time: <*> IOPolledFilePollersOpen(), ml_get_interrupts_enabled <*>",57
hibernate_machine_init: state <*> image pages <*> sum was <*> imageSize <*> image1Size <*> conflictCount <*> nextFree <*>,hibernate_machine_init: state <*> image pages <*> sum was <*> imageSize <*> image1Size <*> conflictCount <*> nextFree <*>,hibernate_machine_init: state <*> image pages <*> sum was <*> imageSize <*> image1Size <*> conflictCount <*> nextFree <*>,57
hibernate_machine_init reading,hibernate_machine_init reading,hibernate_machine_init reading,57
bitmap_size <*> previewSize <*> writing <*> pages @ <*>,bitmap_size <*> previewSize <*> writing <*> pages @ <*>,bitmap_size <*> previewSize <*> writing <*> pages @ <*>,57
"hibernate_machine_init pagesDone <*> sum2 <*> time: <*> ms, disk(<*>) <*> Mb/s, comp bytes: <*> time: <*> ms <*> Mb/s, crypt bytes: <*> time: <*> ms <*> Mb/s",hibernate_machine_init pagesDone <*> sum2 <*> time: <*> disk(<*>) <*> comp bytes: <*> time: <*> crypt bytes: <*> time: <*>,hibernate_machine_init pagesDone <*> sum2 <*> time: <*> disk(<*>) <*> comp bytes: <*> time: <*> crypt bytes: <*> time: <*>,57
hibernate_flush_memory: buffer_cache_gc freed up <*> wired pages,hibernate_flush_memory: buffer_cache_gc freed up <*> wired pages,hibernate_flush_memory: buffer_cache_gc freed up <*> wired pages,57
hibernate_alloc_pages act <*> inact <*> anon <*> throt <*> spec <*> wire <*> wireinit <*>,hibernate_alloc_pages act <*> inact <*> anon <*> throt <*> spec <*> wire <*> wireinit <*>,hibernate_alloc_pages act <*> inact <*> anon <*> throt <*> spec <*> wire <*> wireinit <*>,57
hibernate image path: <*>,hibernate image path: <*>,hibernate image path: <*>,57
"booter start at <*> ms smc <*> ms, [<*>, <*> <*>] total <*> ms, dsply <*> ms, tramp <*> ms","booter start at <*> smc <*> [<*>, <*> <*>] total <*> dsply <*> tramp <*>","booter start at <*> smc <*> [<*>, <*> <*>] total <*> dsply <*> tramp <*>",57
BuildActDeviceEntry enter,BuildActDeviceEntry enter,BuildActDeviceEntry enter,57
**** [IOBluetoothFamily][ProcessBluetoothTransportShowsUpActionWL] -- Connected to the transport successfully -- <*> -- <*> -- <*> ****,**** [IOBluetoothFamily][ProcessBluetoothTransportShowsUpActionWL] -- Connected to the transport successfully -- <*> -- <*> -- <*> ****,**** [IOBluetoothFamily][ProcessBluetoothTransportShowsUpActionWL] -- Connected to the transport successfully -- <*> -- <*> -- <*> ****,57
[HID] [MT] AppleActuatorHIDEventDriver::start entered,[HID] [MT] <*> entered,[HID] [MT] <*> entered,57
**** [BroadcomBluetoothHostController][SetupController] -- Delay HCI Reset by <*> ****,**** [BroadcomBluetoothHostController][SetupController] -- Delay HCI Reset by <*> ****,**** [BroadcomBluetoothHostController][SetupController] -- Delay HCI Reset by <*> ****,57
**** [BroadcomBluetoothHostControllerUSBTransport][start] -- Completed (matched on Device) -- <*> ****,**** [BroadcomBluetoothHostControllerUSBTransport][start] -- Completed (matched on Device) -- <*> ****,**** [BroadcomBluetoothHostControllerUSBTransport][start] -- Completed (matched on Device) -- <*> ****,57
vm_compressor_flush completed - took <*> msecs,<*> completed - took <*> msecs,<*> completed - took <*> msecs,57
AppleActuatorHIDEventDriver: stop,AppleActuatorHIDEventDriver: stop,AppleActuatorHIDEventDriver: stop,57
"ARPT: <*>: IOPMPowerSource Information: onSleep, SleepType: <*> 'ExternalConnected': <*> 'TimeRemaining': <*>,","ARPT: <*>: IOPMPowerSource Information: onSleep, SleepType: Standby, 'ExternalConnected': No, 'TimeRemaining': <*>,","ARPT: <*>: IOPMPowerSource Information: onSleep, SleepType: Standby, 'ExternalConnected': No, 'TimeRemaining': <*>,",57
vm_compressor_flush - starting,vm_compressor_flush - starting,vm_compressor_flush - starting,57
[HID] [MT] AppleMultitouchDevice::start entered,[HID] [MT] <*> entered,[HID] [MT] <*> entered,57
[HID] [ATC] [Error] AppleDeviceManagementHIDEventService::start Could not make a string from out <*> notification key,[HID] [ATC] [Error] AppleDeviceManagementHIDEventService::start Could not make a string from out poweredoff notification key,[HID] [ATC] [Error] AppleDeviceManagementHIDEventService::start Could not make a string from out poweredoff notification key,57
**** [IOBluetoothFamily][ProcessBluetoothTransportShowsUpActionWL] -- calling IOBluetoothFamily's registerService() -- <*> -- <*> -- <*> ****,**** [IOBluetoothFamily][ProcessBluetoothTransportShowsUpActionWL] -- calling IOBluetoothFamily's registerService() -- <*> -- <*> -- <*> ****,**** [IOBluetoothFamily][ProcessBluetoothTransportShowsUpActionWL] -- calling IOBluetoothFamily's registerService() -- <*> -- <*> -- <*> ****,57
[HID] [MT] AppleMultitouchDevice::stop entered,[HID] [MT] <*> entered,[HID] [MT] <*> entered,57
<*>: message service is terminated,AppleActuatorHIDEventDriver: message service is terminated,AppleActuatorHIDEventDriver: message service is terminated,57
[HID] [ATC] [Error] AppleDeviceManagementHIDEventService::start Could not make a string from out <*> notification key,[HID] [ATC] [Error] AppleDeviceManagementHIDEventService::start Could not make a string from out connection notification key,[HID] [ATC] [Error] AppleDeviceManagementHIDEventService::start Could not make a string from out connection notification key,57
[HID] [MT] AppleMultitouchDevice::willTerminate entered,[HID] [MT] <*> entered,[HID] [MT] <*> entered,57
[HID] [MT] MTActuatorManagement::getActuatorRef Calling MTActuatorOpen() outside of MTTrackpadHIDManager.,[HID] [MT] MTActuatorManagement::getActuatorRef Calling MTActuatorOpen() outside of MTTrackpadHIDManager.,[HID] [MT] MTActuatorManagement::getActuatorRef Calling MTActuatorOpen() outside of MTTrackpadHIDManager.,57
[IOBluetoothFamily][staticBluetoothTransportShowsUp] -- Received Bluetooth Controller register service notification -- <*>,[IOBluetoothFamily][staticBluetoothTransportShowsUp] -- Received Bluetooth Controller register service notification -- <*>,[IOBluetoothFamily][staticBluetoothTransportShowsUp] -- Received Bluetooth Controller register service notification -- <*>,57
[IOBluetoothHostController::setConfigState] calling registerService,[IOBluetoothHostController::setConfigState] calling registerService,[IOBluetoothHostController::setConfigState] calling registerService,57
**** [IOBluetoothHostControllerUSBTransport][start] -- completed -- result = <*> -- <*> ****,**** [IOBluetoothHostControllerUSBTransport][start] -- completed -- result = <*> -- <*> ****,**** [IOBluetoothHostControllerUSBTransport][start] -- completed -- result = <*> -- <*> ****,57
[<*>] [Adding [<CalDAVAccountRefreshQueueableOperation: <*> Sequence: <*>] to failed operations.],[<*>] [Adding [<CalDAVAccountRefreshQueueableOperation: <*>; Sequence: <*>] to failed operations.],[<*>] [Adding [<CalDAVAccountRefreshQueueableOperation: <*>; Sequence: <*>] to failed operations.],56
"VDCAssistant: Found a camera (<*>) , but was not able to start it up (<*> -- (<*>) successful)","VDCAssistant: Found a camera (<*>) , but was not able to start it up (<*> -- (<*>) successful)","VDCAssistant: Found a camera (<*>) , but was not able to start it up (<*> -- (<*>) successful)",56
"CCDataTap::profileRemoved, Owner: <*> Name: <*>","CCDataTap::profileRemoved, Owner: <*> Name: StateSnapshots","CCDataTap::profileRemoved, Owner: <*> Name: StateSnapshots",55
CCProfileMonitor::freeResources done,CCProfileMonitor::freeResources done,CCProfileMonitor::freeResources done,55
Got an XPC error: Connection invalid,Got an XPC error: Connection invalid,Got an XPC error: Connection invalid,55
"CCDataTap::profileRemoved, Owner: <*> Name: <*>","CCDataTap::profileRemoved, Owner: <*> Name: AssociationEventHistory","CCDataTap::profileRemoved, Owner: <*> Name: AssociationEventHistory",55
CCProfileMonitor::profileCallback Entered token:<*>,CCProfileMonitor::profileCallback Entered token:<*>,CCProfileMonitor::profileCallback Entered token:<*>,54
CCXPCService::setStreamEventHandler Registered for notification callback.,CCXPCService::setStreamEventHandler Registered for notification callback.,CCXPCService::setStreamEventHandler Registered for notification callback.,54
"CoreAnimation: warning, deleted thread with uncommitted CATransaction; set CA_DEBUG_TRANSACTIONS=<*> in environment to log backtraces.","CoreAnimation: warning, deleted thread with uncommitted CATransaction; set CA_DEBUG_TRANSACTIONS=<*> in environment to log backtraces.","CoreAnimation: warning, deleted thread with uncommitted CATransaction; set CA_DEBUG_TRANSACTIONS=<*> in environment to log backtraces.",54
CCProfileMonitor::setStreamEventHandler,CCProfileMonitor::setStreamEventHandler,CCProfileMonitor::setStreamEventHandler,54
AIDA Notification plugin running,AIDA Notification plugin running,AIDA Notification plugin running,50
"Page bounds {{<*>, <*>}, {<*>, <*>}}","Page bounds {{<*>, <*>}, {<*>, <*>}}","Page bounds {{<*>, <*>}, {<*>, <*>}}",49
tcp_connection_destination_handle_tls_close_notify <*> closing socket due to TLS CLOSE_NOTIFY alert,tcp_connection_destination_handle_tls_close_notify <*> closing socket due to TLS CLOSE_NOTIFY alert,tcp_connection_destination_handle_tls_close_notify <*> closing socket due to TLS CLOSE_NOTIFY alert,46
full wake request (reason <*>) <*> ms,full wake request (reason <*>) <*>,full wake request (reason <*>) <*>,46
<*> GoogleSoftwareUpdateAgent[<*>] [lvl=<*>] -[KSAgentApp setupLoggerOutput] Agent settings: <KSAgentSettings:<*> bundleID=<*> lastCheck=<*> checkInterval=<*> uiDisplayInterval=<*> sleepInterval=<*> jitterInterval=<*> maxRunInterval=<*> isConsoleUser=<*> ticketStorePath=<*> runMode=<*> daemonUpdateEngineBrokerServiceName=<*> daemonAdministrationServiceName=<*> logEverything=<*> logBufferSize=<*> alwaysPromptForUpdates=<*> productIDToUpdate=(<*>) lastUIDisplayed=(<*>) alwaysShowStatusItem=<*> updateCheckTag=(<*>) printResults=<*> userInitiated=<*>,<*> GoogleSoftwareUpdateAgent[<*>] [lvl=<*>] -[KSAgentApp setupLoggerOutput] Agent settings: <KSAgentSettings:<*> bundleID=<*> lastCheck=<*> +<*> checkInterval=<*> uiDisplayInterval=<*> sleepInterval=<*> jitterInterval=<*> maxRunInterval=<*> isConsoleUser=<*> ticketStorePath=<*> runMode=<*> daemonUpdateEngineBrokerServiceName=<*> daemonAdministrationServiceName=<*> logEverything=<*> logBufferSize=<*> alwaysPromptForUpdates=<*> productIDToUpdate=(null) lastUIDisplayed=(null) alwaysShowStatusItem=<*> updateCheckTag=(null) printResults=<*> userInitiated=<*>,<*> GoogleSoftwareUpdateAgent[<*>] [lvl=<*>] -[KSAgentApp setupLoggerOutput] Agent settings: <KSAgentSettings:<*> bundleID=<*> lastCheck=<*> +<*> checkInterval=<*> uiDisplayInterval=<*> sleepInterval=<*> jitterInterval=<*> maxRunInterval=<*> isConsoleUser=<*> ticketStorePath=<*> runMode=<*> daemonUpdateEngineBrokerServiceName=<*> daemonAdministrationServiceName=<*> logEverything=<*> logBufferSize=<*> alwaysPromptForUpdates=<*> productIDToUpdate=(null) lastUIDisplayed=(null) alwaysShowStatusItem=<*> updateCheckTag=(null) printResults=<*> userInitiated=<*>,46
Service <*> tried to hijack endpoint <*> from owner: <*>,Service <*> tried to hijack endpoint <*> from owner: <*>,Service <*> tried to hijack endpoint <*> from owner: <*>,44
"no application identifier provided, can't use provisioning profiles [pid=<*>]","no application identifier provided, can't use provisioning profiles [pid=<*>]","no application identifier provided, can't use provisioning profiles [pid=<*>]",43
[ChromeExistion Version:<*>],[ChromeExistion Version:<*>],[ChromeExistion Version:<*>],41
ChromeExistion main linkUrl = (<*>),ChromeExistion main <*> = <*>,ChromeExistion main <*> = <*>,41
ChromeExistion main isBrowserDetect = <*>,ChromeExistion main <*> = <*>,ChromeExistion main <*> = <*>,41
ChromeExistion main isUndetectWebsite = <*>,ChromeExistion main <*> = <*>,ChromeExistion main <*> = <*>,41
url host = <*>,url host = <*>,url host = <*>,41
"ChromeExistion main strSendMsg = {""websitekey"":<*>,""commandkey"":<*>,""browserkey"":<*>}",ChromeExistion main <*> = <*>,ChromeExistion main <*> = <*>,41
the url = <*>,the url = <*>,the url = <*>,41
after trim url = <*>,after trim url = <*>,after trim url = <*>,41
ChromeExistion main isUndetectWithCommand = <*>,ChromeExistion main <*> = <*>,ChromeExistion main <*> = <*>,41
"<*> GoogleSoftwareUpdateAgent[<*>] [lvl=<*>] -[KSOutOfProcessFetcher beginFetchWithDelegate:] KSOutOfProcessFetcher fetching from URL: ""<*>""","<*> GoogleSoftwareUpdateAgent[<*>] [lvl=<*>] -[KSOutOfProcessFetcher beginFetchWithDelegate:] KSOutOfProcessFetcher fetching from URL: ""<*>""","<*> GoogleSoftwareUpdateAgent[<*>] [lvl=<*>] -[KSOutOfProcessFetcher beginFetchWithDelegate:] KSOutOfProcessFetcher fetching from URL: ""<*>""",40
"<*> GoogleSoftwareUpdateAgent[<*>] [lvl=<*>] -[KSOutOfProcessFetcher(PrivateMethods) helperDidTerminate:] KSOutOfProcessFetcher fetch ended for URL: ""<*>""","<*> GoogleSoftwareUpdateAgent[<*>] [lvl=<*>] -[KSOutOfProcessFetcher(PrivateMethods) helperDidTerminate:] KSOutOfProcessFetcher fetch ended for URL: ""<*>""","<*> GoogleSoftwareUpdateAgent[<*>] [lvl=<*>] -[KSOutOfProcessFetcher(PrivateMethods) helperDidTerminate:] KSOutOfProcessFetcher fetch ended for URL: ""<*>""",40
<*> ksfetch[<*>] [lvl=<*>] KSHelperReceiveAllData() KSHelperTool read <*> bytes from stdin.,<*> ksfetch[<*>] [lvl=<*>] KSHelperReceiveAllData() KSHelperTool read <*> bytes from stdin.,<*> ksfetch[<*>] [lvl=<*>] KSHelperReceiveAllData() KSHelperTool read <*> bytes from stdin.,40
<*> GoogleSoftwareUpdateAgent[<*>] [lvl=<*>] -[KSOutOfProcessFetcher(PrivateMethods) launchedHelperTaskForToolPath:error:] KSOutOfProcessFetcher launched <*> with process id: <*>,<*> GoogleSoftwareUpdateAgent[<*>] [lvl=<*>] -[KSOutOfProcessFetcher(PrivateMethods) launchedHelperTaskForToolPath:error:] KSOutOfProcessFetcher launched <*> with process id: <*>,<*> GoogleSoftwareUpdateAgent[<*>] [lvl=<*>] -[KSOutOfProcessFetcher(PrivateMethods) launchedHelperTaskForToolPath:error:] KSOutOfProcessFetcher launched <*> with process id: <*>,40
<*> ksfetch[<*>] [lvl=<*>] main() Fetcher received a request: <NSMutableURLRequest: <*> { URL: <*> },<*> ksfetch[<*>] [lvl=<*>] main() Fetcher received a request: <NSMutableURLRequest: <*> { URL: <*> },<*> ksfetch[<*>] [lvl=<*>] main() Fetcher received a request: <NSMutableURLRequest: <*> { URL: <*> },40
<*> ksfetch[<*>] [lvl=<*>] main() Setting up download file handles...,<*> ksfetch[<*>] [lvl=<*>] main() Setting up download file handles...,<*> ksfetch[<*>] [lvl=<*>] main() Setting up download file handles...,40
<*> ksfetch[<*>] [lvl=<*>] main() Fetcher received a download path: <*>,<*> ksfetch[<*>] [lvl=<*>] main() Fetcher received a download path: <*>,<*> ksfetch[<*>] [lvl=<*>] main() Fetcher received a download path: <*>,40
<*> ksfetch[<*>] [lvl=<*>] main() Fetcher is exiting.,<*> ksfetch[<*>] [lvl=<*>] main() Fetcher is exiting.,<*> ksfetch[<*>] [lvl=<*>] main() Fetcher is exiting.,40
<*> ksfetch[<*>] [lvl=<*>] main() ksfetch done fetching.,<*> ksfetch[<*>] [lvl=<*>] main() ksfetch done fetching.,<*> ksfetch[<*>] [lvl=<*>] main() ksfetch done fetching.,40
<*> ksfetch[<*>] [lvl=<*>] main() ksfetch fetching URL (<NSMutableURLRequest: <*> { URL: <*> }) to folder:<*>,<*> ksfetch[<*>] [lvl=<*>] main() ksfetch fetching URL (<NSMutableURLRequest: <*> { URL: <*> }) to folder:<*>,<*> ksfetch[<*>] [lvl=<*>] main() ksfetch fetching URL (<NSMutableURLRequest: <*> { URL: <*> }) to folder:<*>,40
Failed to connect <*> outlet from <*> to <*>: missing setter or instance variable,Failed to connect (<*>) outlet from (<*>) to (<*>): missing setter or instance variable,Failed to connect (<*>) outlet from (<*>) to (<*>): missing setter or instance variable,39
Sandbox: com.apple.WebKit(<*>) deny(<*>) file-read-data <*>,Sandbox: <*>) deny(<*>) file-read-data <*>,Sandbox: <*>) deny(<*>) file-read-data <*>,39
<*> GoogleSoftwareUpdateAgent[<*>] [lvl=<*>] -[KSUpdateEngine(PrivateMethods) updateFinish] KSUpdateEngine update processing complete.,<*> GoogleSoftwareUpdateAgent[<*>] [lvl=<*>] -[KSUpdateEngine(PrivateMethods) updateFinish] KSUpdateEngine update processing complete.,<*> GoogleSoftwareUpdateAgent[<*>] [lvl=<*>] -[KSUpdateEngine(PrivateMethods) updateFinish] KSUpdateEngine update processing complete.,38
<*> GoogleSoftwareUpdateAgent[<*>] [lvl=<*>] -[KSUpdateCheckAction(PrivateMethods) finishAction] KSUpdateCheckAction found updates: {( )},<*> GoogleSoftwareUpdateAgent[<*>] [lvl=<*>] -[KSUpdateCheckAction(PrivateMethods) finishAction] KSUpdateCheckAction found updates: {( )},<*> GoogleSoftwareUpdateAgent[<*>] [lvl=<*>] -[KSUpdateCheckAction(PrivateMethods) finishAction] KSUpdateCheckAction found updates: {( )},38
<*> GoogleSoftwareUpdateAgent[<*>] [lvl=<*>] -[KSUpdateCheckAction performAction] KSUpdateCheckAction running KSServerUpdateRequest: <KSOmahaServerUpdateRequest:<*>,<*> GoogleSoftwareUpdateAgent[<*>] [lvl=<*>] -[KSUpdateCheckAction performAction] KSUpdateCheckAction running KSServerUpdateRequest: <KSOmahaServerUpdateRequest:<*>,<*> GoogleSoftwareUpdateAgent[<*>] [lvl=<*>] -[KSUpdateCheckAction performAction] KSUpdateCheckAction running KSServerUpdateRequest: <KSOmahaServerUpdateRequest:<*>,38
<*> GoogleSoftwareUpdateAgent[<*>] [lvl=<*>] -[KSMultiUpdateAction performAction] KSSilentUpdateAction had no updates to apply.,<*> GoogleSoftwareUpdateAgent[<*>] [lvl=<*>] -[KSMultiUpdateAction performAction] KSSilentUpdateAction had no updates to apply.,<*> GoogleSoftwareUpdateAgent[<*>] [lvl=<*>] -[KSMultiUpdateAction performAction] KSSilentUpdateAction had no updates to apply.,38
<*> GoogleSoftwareUpdateAgent[<*>] [lvl=<*>] -[KSCheckAction performAction] KSCheckAction checking <*> ticket(s).,<*> GoogleSoftwareUpdateAgent[<*>] [lvl=<*>] -[KSCheckAction performAction] KSCheckAction checking <*> ticket(s).,<*> GoogleSoftwareUpdateAgent[<*>] [lvl=<*>] -[KSCheckAction performAction] KSCheckAction checking <*> ticket(s).,38
<*> GoogleSoftwareUpdateAgent[<*>] [lvl=<*>] -[KSAgentApp(KeystoneDelegate) updateEngineFinishedWithErrors:] Keystone finished: errors=<*>,<*> GoogleSoftwareUpdateAgent[<*>] [lvl=<*>] -[KSAgentApp(KeystoneDelegate) updateEngineFinishedWithErrors:] Keystone finished: errors=<*>,<*> GoogleSoftwareUpdateAgent[<*>] [lvl=<*>] -[KSAgentApp(KeystoneDelegate) updateEngineFinishedWithErrors:] Keystone finished: errors=<*>,38
<*> GoogleSoftwareUpdateAgent[<*>] [lvl=<*>] -[KSUpdateCheckAction performAction] KSUpdateCheckAction starting update check for ticket(s): {(,<*> GoogleSoftwareUpdateAgent[<*>] [lvl=<*>] -[KSUpdateCheckAction performAction] KSUpdateCheckAction starting update check for ticket(s): {(,<*> GoogleSoftwareUpdateAgent[<*>] [lvl=<*>] -[KSUpdateCheckAction performAction] KSUpdateCheckAction starting update check for ticket(s): {(,38
<*> GoogleSoftwareUpdateAgent[<*>] [lvl=<*>] -[KSPrefetchAction performAction] KSPrefetchAction no updates to prefetch.,<*> GoogleSoftwareUpdateAgent[<*>] [lvl=<*>] -[KSPrefetchAction performAction] KSPrefetchAction no updates to prefetch.,<*> GoogleSoftwareUpdateAgent[<*>] [lvl=<*>] -[KSPrefetchAction performAction] KSPrefetchAction no updates to prefetch.,38
objc[<*>]: Class <*> is implemented in both <*> and <*> One of the two will be used. Which one is undefined.,objc[<*>]: Class <*> is implemented in both <*> and <*> One of the two will be used. Which one is undefined.,objc[<*>]: Class <*> is implemented in both <*> and <*> One of the two will be used. Which one is undefined.,38
<*> GoogleSoftwareUpdateAgent[<*>] [lvl=<*>] -[KSOmahaServer updateInfosForUpdateResponse:updateRequest:infoStore:upToDateTickets:updatedTickets:events:errors:] Response passed CUP validation.,<*> GoogleSoftwareUpdateAgent[<*>] [lvl=<*>] -[KSOmahaServer updateInfosForUpdateResponse:updateRequest:infoStore:upToDateTickets:updatedTickets:events:errors:] Response passed CUP validation.,<*> GoogleSoftwareUpdateAgent[<*>] [lvl=<*>] -[KSOmahaServer updateInfosForUpdateResponse:updateRequest:infoStore:upToDateTickets:updatedTickets:events:errors:] Response passed CUP validation.,36
<*> GoogleSoftwareUpdateAgent[<*>] [lvl=<*>] -[KSUpdateCheckAction(KSServerUpdateRequestDelegate) serverRequest:fetchedWithResponse:] KSUpdateCheckAction received KSServerUpdateResponse: <KSOmahaServerUpdateResponse:<*>,<*> GoogleSoftwareUpdateAgent[<*>] [lvl=<*>] -[KSUpdateCheckAction(KSServerUpdateRequestDelegate) serverRequest:fetchedWithResponse:] KSUpdateCheckAction received KSServerUpdateResponse: <KSOmahaServerUpdateResponse:<*>,<*> GoogleSoftwareUpdateAgent[<*>] [lvl=<*>] -[KSUpdateCheckAction(KSServerUpdateRequestDelegate) serverRequest:fetchedWithResponse:] KSUpdateCheckAction received KSServerUpdateResponse: <KSOmahaServerUpdateResponse:<*>,36
no sleep images for <*>,no sleep images for WillPowerOffWithImages,no sleep images for WillPowerOffWithImages,36
<*> ksfetch[<*>] [lvl=<*>] -[FetchDelegate fetcher:finishedWithData:] Fetcher downloaded successfully data of length: <*>,<*> ksfetch[<*>] [lvl=<*>] -[FetchDelegate fetcher:finishedWithData:] Fetcher downloaded successfully data of length: <*>,<*> ksfetch[<*>] [lvl=<*>] -[FetchDelegate fetcher:finishedWithData:] Fetcher downloaded successfully data of length: <*>,36
XPC Error while checking if iCDP is enabled for DSID <*>: Error Domain=<*> Code=<*> <*> UserInfo={NSDebugDescription=<*>},"XPC Error while checking if iCDP is enabled for DSID <*>: Error Domain=<*> Code=<*> ""The connection to service named <*> was invalidated."" UserInfo={NSDebugDescription=<*> connection to service named <*> was invalidated.}","XPC Error while checking if iCDP is enabled for DSID <*>: Error Domain=<*> Code=<*> ""The connection to service named <*> was invalidated."" UserInfo={NSDebugDescription=<*> connection to service named <*> was invalidated.}",35
Daemon connection invalidated!,Daemon connection invalidated!,Daemon connection invalidated!,35
Central manager is not powered on,Central manager is not powered on,Central manager is not powered on,35
Checking iCDP status for DSID <*> (checkWithServer=<*>),Checking iCDP status for DSID <*> (checkWithServer=<*>),Checking iCDP status for DSID <*> (checkWithServer=<*>),35
<*> GoogleSoftwareUpdateAgent[<*>] [lvl=<*>] -[KSOutOfProcessFetcher(PrivateMethods) helperErrorAvailable:] KSOutOfProcessFetcher helper tool raw STDERR:,<*> GoogleSoftwareUpdateAgent[<*>] [lvl=<*>] -[KSOutOfProcessFetcher(PrivateMethods) helperErrorAvailable:] KSOutOfProcessFetcher helper tool raw STDERR:,<*> GoogleSoftwareUpdateAgent[<*>] [lvl=<*>] -[KSOutOfProcessFetcher(PrivateMethods) helperErrorAvailable:] KSOutOfProcessFetcher helper tool raw STDERR:,35
"[CardDAVPlugin-ERROR] -getPrincipalInfo:[_controller <*>] Error Domain=<*> Code=<*> <*> UserInfo={NSUnderlyingError=<*> {Error Domain=<*> Code=-<*> <*> UserInfo={NSErrorFailingURLStringKey=<*>, NSErrorFailingURLKey=<*>, _kCFStreamErrorCodeKey=<*>, _kCFStreamErrorDomainKey=<*>, NSLocalizedDescription=<*>}}, NSErrorFailingURLStringKey=<*>, NSErrorFailingURLKey=<*>, _kCFStreamErrorDomainKey=<*>, _kCFStreamErrorCodeKey=<*>, NSLocalizedDescription=<*>}","[CardDAVPlugin-ERROR] -getPrincipalInfo:[_controller principalPropertiesAtURL:https://xpc_ben%<*>] Error Domain=<*> Code=-<*> ""The request timed out."" UserInfo={NSUnderlyingError=<*> {Error Domain=<*> Code=-<*> ""The request timed out."" UserInfo={NSErrorFailingURLStringKey=<*>://xpc_ben%<*>, NSErrorFailingURLKey=<*>://xpc_ben%<*>, _kCFStreamErrorCodeKey=-<*>, _kCFStreamErrorDomainKey=<*>, NSLocalizedDescription=<*> request timed out.}}, NSErrorFailingURLStringKey=<*>://xpc_ben%<*>, NSErrorFailingURLKey=<*>://xpc_ben%<*>, _kCFStreamErrorDomainKey=<*>, _kCFStreamErrorCodeKey=-<*>, NSLocalizedDescription=<*> request timed out.}","[CardDAVPlugin-ERROR] -getPrincipalInfo:[_controller principalPropertiesAtURL:https://xpc_ben%<*>] Error Domain=<*> Code=-<*> ""The request timed out."" UserInfo={NSUnderlyingError=<*> {Error Domain=<*> Code=-<*> ""The request timed out."" UserInfo={NSErrorFailingURLStringKey=<*>://xpc_ben%<*>, NSErrorFailingURLKey=<*>://xpc_ben%<*>, _kCFStreamErrorCodeKey=-<*>, _kCFStreamErrorDomainKey=<*>, NSLocalizedDescription=<*> request timed out.}}, NSErrorFailingURLStringKey=<*>://xpc_ben%<*>, NSErrorFailingURLKey=<*>://xpc_ben%<*>, _kCFStreamErrorDomainKey=<*>, _kCFStreamErrorCodeKey=-<*>, NSLocalizedDescription=<*> request timed out.}",32
"CFPasteboardCopyDataReturn __CFPasteboardCopyData(CFPasteboardRef, CFIndex, CFIndex, CFStringRef, Boolean, Boolean) : Lock timeout","CFPasteboardCopyDataReturn __CFPasteboardCopyData(CFPasteboardRef, CFIndex, CFIndex, CFStringRef, Boolean, Boolean) : Lock timeout","CFPasteboardCopyDataReturn __CFPasteboardCopyData(CFPasteboardRef, CFIndex, CFIndex, CFStringRef, Boolean, Boolean) : Lock timeout",32
"<*>: scheduler returned <*>; however, this job is <*> seconds overdue. Running anyway.","<*>: scheduler returned false; however, this job is <*> seconds overdue. Running anyway.","<*>: scheduler returned false; however, this job is <*> seconds overdue. Running anyway.",32
CGSConnectionByID: <*> is not a valid connection ID.,CGSConnectionByID: <*> is not a valid connection ID.,CGSConnectionByID: <*> is not a valid connection ID.,31
-[ABAddressBook save] failed. (<*>),-[ABAddressBook save] failed. (<ABAddressBook: <*>),-[ABAddressBook save] failed. (<ABAddressBook: <*>),31
(DiskStore.Normal:<*>) <*>,(DiskStore.Normal:<*>) <*>,(DiskStore.Normal:<*>) <*>,31
"PBRequester failed with Error Error Domain=<*> Code=<*> <*>"" <*> {Error Domain=<*> Code=<*> <*>"" <*> _kCFStreamErrorCodeKey=<*>, _kCFStreamErrorDomainKey=<*>, NSLocalizedDescription=<*>}}, <*> _kCFStreamErrorDomainKey=<*>, _kCFStreamErrorCodeKey=<*>, NSLocalizedDescription=<*>}","PBRequester failed with Error Error Domain=<*> Code=-<*> ""The request timed out."" UserInfo={NSUnderlyingError=<*> {Error Domain=<*> Code=-<*> ""The request timed out."" UserInfo={NSErrorFailingURLStringKey=<*>, NSErrorFailingURLKey=<*>, _kCFStreamErrorCodeKey=-<*>, _kCFStreamErrorDomainKey=<*>, NSLocalizedDescription=<*> request timed out.}}, NSErrorFailingURLStringKey=<*>, NSErrorFailingURLKey=<*>, _kCFStreamErrorDomainKey=<*>, _kCFStreamErrorCodeKey=-<*>, NSLocalizedDescription=<*> request timed out.}","PBRequester failed with Error Error Domain=<*> Code=-<*> ""The request timed out."" UserInfo={NSUnderlyingError=<*> {Error Domain=<*> Code=-<*> ""The request timed out."" UserInfo={NSErrorFailingURLStringKey=<*>, NSErrorFailingURLKey=<*>, _kCFStreamErrorCodeKey=-<*>, _kCFStreamErrorDomainKey=<*>, NSLocalizedDescription=<*> request timed out.}}, NSErrorFailingURLStringKey=<*>, NSErrorFailingURLKey=<*>, _kCFStreamErrorDomainKey=<*>, _kCFStreamErrorCodeKey=-<*>, NSLocalizedDescription=<*> request timed out.}",30
<*> PM [AirPlayUIAgent] BecomingInactive: NSWorkspaceWillSleepNotification,<*> PM [AirPlayUIAgent] BecomingInactive: NSWorkspaceWillSleepNotification,<*> PM [AirPlayUIAgent] BecomingInactive: NSWorkspaceWillSleepNotification,29
[<*>] <<< FigDiskCacheRepository >>> fdcr_GetFileStats: stat failed for <*> err = <*>,[<*>] <<< FigDiskCacheRepository >>> fdcr_GetFileStats: stat failed for <*> err = <*>,[<*>] <<< FigDiskCacheRepository >>> fdcr_GetFileStats: stat failed for <*> err = <*>,29
"[CardDAVPlugin-ERROR] -getPrincipalInfo:[_controller <*>] Error Domain=<*> Code=<*> <*> UserInfo={NSUnderlyingError=<*> {Error Domain=<*> Code=-<*> <*> UserInfo={NSErrorFailingURLStringKey=<*>, NSErrorFailingURLKey=<*>, _kCFStreamErrorCodeKey=<*>, _kCFStreamErrorDomainKey=<*>, NSLocalizedDescription=<*>}}, NSErrorFailingURLStringKey=<*>, NSErrorFailingURLKey=<*>, _kCFStreamErrorDomainKey=<*>, _kCFStreamErrorCodeKey=<*>, NSLocalizedDescription=<*>}","[CardDAVPlugin-ERROR] -getPrincipalInfo:[_controller supportsRequestCompressionAtURL:https://xpcben%40gmail.com@<*>%40gmail.com/] Error Domain=<*> Code=-<*> ""The Internet connection appears to be offline."" UserInfo={NSUnderlyingError=<*> {Error Domain=<*> Code=-<*> ""The Internet connection appears to be offline."" UserInfo={NSErrorFailingURLStringKey=<*>://xpcben%40gmail.com@<*>%40gmail.com/, NSErrorFailingURLKey=<*>://xpcben%40gmail.com@<*>%40gmail.com/, _kCFStreamErrorCodeKey=<*>, _kCFStreamErrorDomainKey=<*>, NSLocalizedDescription=<*> Internet connection appears to be offline.}}, NSErrorFailingURLStringKey=<*>://xpcben%40gmail.com@<*>%40gmail.com/, NSErrorFailingURLKey=<*>://xpcben%40gmail.com@<*>%40gmail.com/, _kCFStreamErrorDomainKey=<*>, _kCFStreamErrorCodeKey=<*>, NSLocalizedDescription=<*> Internet connection appears to be offline.}","[CardDAVPlugin-ERROR] -getPrincipalInfo:[_controller supportsRequestCompressionAtURL:https://xpcben%40gmail.com@<*>%40gmail.com/] Error Domain=<*> Code=-<*> ""The Internet connection appears to be offline."" UserInfo={NSUnderlyingError=<*> {Error Domain=<*> Code=-<*> ""The Internet connection appears to be offline."" UserInfo={NSErrorFailingURLStringKey=<*>://xpcben%40gmail.com@<*>%40gmail.com/, NSErrorFailingURLKey=<*>://xpcben%40gmail.com@<*>%40gmail.com/, _kCFStreamErrorCodeKey=<*>, _kCFStreamErrorDomainKey=<*>, NSLocalizedDescription=<*> Internet connection appears to be offline.}}, NSErrorFailingURLStringKey=<*>://xpcben%40gmail.com@<*>%40gmail.com/, NSErrorFailingURLKey=<*>://xpcben%40gmail.com@<*>%40gmail.com/, _kCFStreamErrorDomainKey=<*>, _kCFStreamErrorCodeKey=<*>, NSLocalizedDescription=<*> Internet connection appears to be offline.}",29
[<*>] (Fig) signalled err=<*>,[<*>] (Fig) signalled err=-<*>,[<*>] (Fig) signalled err=-<*>,29
Surface test allowed updates after <*> attempts (<*> ms),Surface test allowed updates after <*> attempts (<*>),Surface test allowed updates after <*> attempts (<*>),29
Surface testing disallowed updates for <*> sequential attempts...,Surface testing disallowed updates for <*> sequential attempts...,Surface testing disallowed updates for <*> sequential attempts...,29
"ignored is_io_service_close(<*>,IOHIDParamUserClient)","ignored is_io_service_close(<*>,IOHIDParamUserClient)","ignored is_io_service_close(<*>,IOHIDParamUserClient)",28
Session <*> destroyed,Session <*> destroyed,Session <*> destroyed,28
Killing auth hosts,Killing auth hosts,Killing auth hosts,28
ARPT: <*>: ARPT: Wake Reason: <*>; Disconnect reason: Class <*> frame received from nonassociated STA,ARPT: <*>: ARPT: Wake Reason: Wake on Scan offload; Disconnect reason: Class <*> frame received from nonassociated STA,ARPT: <*>: ARPT: Wake Reason: Wake on Scan offload; Disconnect reason: Class <*> frame received from nonassociated STA,27
.sdef warning for argument <*> of command <*> in suite <*>: <*> is not a valid type name.,.sdef warning for <*> of <*> '<*> Suite': <*> is not a valid type name.,.sdef warning for <*> of <*> '<*> Suite': <*> is not a valid type name.,27
Service only ran for <*> seconds. Pushing respawn out by <*> seconds.,Service only ran for <*> seconds. Pushing respawn out by <*> seconds.,Service only ran for <*> seconds. Pushing respawn out by <*> seconds.,27
[<*>] FigFileForkOpenMainByCFURL signalled err=<*> (<*>) (open failed) at <*> line <*>,[<*>] FigFileForkOpenMainByCFURL signalled err=<*> (errno) (open failed) at <*> line <*>,[<*>] FigFileForkOpenMainByCFURL signalled err=<*> (errno) (open failed) at <*> line <*>,26
"[<*>] <<<< FigFile >>>> FigFileForkOpenMainByCFURL: opening url ""<*>"", path <*> options <*> failed errno <*> Resource temporarily unavailable","[<*>] <<<< FigFile >>>> FigFileForkOpenMainByCFURL: opening url ""file:<*>"", path <*> options <*> failed errno <*> Resource temporarily unavailable","[<*>] <<<< FigFile >>>> FigFileForkOpenMainByCFURL: opening url ""file:<*>"", path <*> options <*> failed errno <*> Resource temporarily unavailable",26
<<<< MediaValidator >>>> mv_ValidateRFC4281CodecId: Unrecognized codec <*> Failed codec specific check.,<<<< MediaValidator >>>> mv_ValidateRFC4281CodecId: Unrecognized codec <*>.(null). Failed codec specific check.,<<<< MediaValidator >>>> mv_ValidateRFC4281CodecId: Unrecognized codec <*>.(null). Failed codec specific check.,26
<<<< MediaValidator >>>> mv_LookupCodecSupport: Unrecognized codec <*>,<<<< MediaValidator >>>> mv_LookupCodecSupport: Unrecognized codec <*>,<<<< MediaValidator >>>> mv_LookupCodecSupport: Unrecognized codec <*>,26
handle_will_sleep_auth_and_shield_windows: err <*>,handle_will_sleep_auth_and_shield_windows: err <*>,handle_will_sleep_auth_and_shield_windows: err <*>,26
[<*>] mv_LowLevelCheckIfVideoPlayableUsingDecoder signalled err=<*> (kFigMediaValidatorError_VideoCodecNotSupported) (video codec <*>) at line <*>,[<*>] mv_LowLevelCheckIfVideoPlayableUsingDecoder signalled err=-<*> (kFigMediaValidatorError_VideoCodecNotSupported) (video codec <*>) at line <*>,[<*>] mv_LowLevelCheckIfVideoPlayableUsingDecoder signalled err=-<*> (kFigMediaValidatorError_VideoCodecNotSupported) (video codec <*>) at line <*>,26
handle_will_sleep_auth_and_shield_windows: Reordering authw <*>(<*>) (lock state: <*>),handle_will_sleep_auth_and_shield_windows: Reordering authw <*>) (lock state: <*>),handle_will_sleep_auth_and_shield_windows: Reordering authw <*>) (lock state: <*>),26
<*>: manual intervention required!,en0: manual intervention required!,en0: manual intervention required!,24
"DB Error: <*> ""no such table: <*>""","DB Error: <*> ""no such table: <*>""","DB Error: <*> ""no such table: <*>""",24
<*>: DAD complete for <*> - duplicate found.,en0: DAD complete for <*> - duplicate found.,en0: DAD complete for <*> - duplicate found.,24
DB Path: <*>,DB Path: <*>,DB Path: <*>,24
"DB Query: select * from <*> where flag = <*> and type != <*> and bubbleid > <*> order by time desc, msgRelatedFlag asc, msgId desc limit <*>","DB Query: select * from <*> where flag = <*> and type != <*> and bubbleid > <*> order by time desc, msgRelatedFlag asc, msgId desc limit <*>","DB Query: select * from <*> where flag = <*> and type != <*> and bubbleid > <*> order by time desc, msgRelatedFlag asc, msgId desc limit <*>",24
<WORKFLOW>: sdk send an request to server[<*>] with <*> and data[<*>] for <*>[<*>],<WORKFLOW>: sdk send an request to server[<*>] with <*> and data[<*>] for <*> <*>],<WORKFLOW>: sdk send an request to server[<*>] with <*> and data[<*>] for <*> <*>],24
[CardDAVPlugin-ERROR] -getHomeInfo:[_controller containersAtURLs:{(,[CardDAVPlugin-ERROR] -getHomeInfo:[_controller containersAtURLs:{(,[CardDAVPlugin-ERROR] -getHomeInfo:[_controller containersAtURLs:{(,23
.sdef warning for argument <*> of command <*> in suite <*>: <*> is not a valid type name.,.sdef warning for argument '' of command '<*> Suite': <*> is not a valid type name.,.sdef warning for argument <*> of command <*> is not a valid type name.,23
network changed: <*> DNS- Proxy-,network changed: v4(en0-:<*>) v6(en0-:<*>) DNS- Proxy-,network changed: v4(en0-:<*>) v6(en0-:<*>) DNS- Proxy-,23
AutoSubmitPreference is <*>,AutoSubmitPreference is <*>,AutoSubmitPreference is <*>,23
"NSURLSession/NSURLConnection HTTP load failed (kCFStreamErrorDomainSSL, <*>)","<*> HTTP load failed (kCFStreamErrorDomainSSL, -<*>)","<*> HTTP load failed (kCFStreamErrorDomainSSL, -<*>)",22
tcp_connection_destination_perform_socket_connect <*> connectx to <*> failed: [<*>] Can't assign requested address,tcp_connection_destination_perform_socket_connect <*> connectx to <*> failed: [<*>] Can't assign requested address,tcp_connection_destination_perform_socket_connect <*> connectx to <*> failed: [<*>] Can't assign requested address,22
SysAdmChk: Throttling activity execution. memFlags:<*> thermalLevel:<*>,SysAdmChk: Throttling activity execution. memFlags:<*> thermalLevel:<*>,SysAdmChk: Throttling activity execution. memFlags:<*> thermalLevel:<*>,22
<*> GoogleSoftwareUpdateAgent[<*>] [lvl=<*>] -[KSAgentApp(KeystoneThread) runKeystonesInThreadWithArg:] About to run checks for any other apps.,<*> GoogleSoftwareUpdateAgent[<*>] [lvl=<*>] -[KSAgentApp(KeystoneThread) runKeystonesInThreadWithArg:] About to run checks for any other apps.,<*> GoogleSoftwareUpdateAgent[<*>] [lvl=<*>] -[KSAgentApp(KeystoneThread) runKeystonesInThreadWithArg:] About to run checks for any other apps.,19
<*> GoogleSoftwareUpdateAgent[<*>] [lvl=<*>] -[KSAgentApp updateProductWithProductID:usingEngine:] Checking for updates for <*> using engine <KSUpdateEngine:<*>,<*> GoogleSoftwareUpdateAgent[<*>] [lvl=<*>] -[KSAgentApp updateProductWithProductID:usingEngine:] Checking for updates for <*> using engine <KSUpdateEngine:<*>,<*> GoogleSoftwareUpdateAgent[<*>] [lvl=<*>] -[KSAgentApp updateProductWithProductID:usingEngine:] Checking for updates for <*> using engine <KSUpdateEngine:<*>,19
<*> GoogleSoftwareUpdateAgent[<*>] [lvl=<*>] -[KSAgentApp updateProductWithProductID:usingEngine:] Done checking for updates for <*> using engine <KSUpdateEngine:<*>,"<*> GoogleSoftwareUpdateAgent[<*>] [lvl=<*>] -[KSAgentApp updateProductWithProductID:usingEngine:] Done checking for updates for '""All Products""' using engine <KSUpdateEngine:<*>","<*> GoogleSoftwareUpdateAgent[<*>] [lvl=<*>] -[KSAgentApp updateProductWithProductID:usingEngine:] Done checking for updates for '""<*>""' using engine <KSUpdateEngine:<*>",19
<*> GoogleSoftwareUpdateAgent[<*>] [lvl=<*>] -[KSAgentApp updateProductWithProductID:usingEngine:] Done checking for updates for <*> using engine <KSUpdateEngine:<*>,"<*> GoogleSoftwareUpdateAgent[<*>] [lvl=<*>] -[KSAgentApp updateProductWithProductID:usingEngine:] Done checking for updates for '""<*>""' using engine <KSUpdateEngine:<*>","<*> GoogleSoftwareUpdateAgent[<*>] [lvl=<*>] -[KSAgentApp updateProductWithProductID:usingEngine:] Done checking for updates for '""<*>""' using engine <KSUpdateEngine:<*>",19
[<*>] <*> signalled err=<*> (<*>) (FigScheduledReadRequestRead failed) at <*> line <*>,[<*>] <*> signalled err=-<*> (err) (FigScheduledReadRequestRead failed) at <*> line <*>,[<*>] <*> signalled err=-<*> (err) (FigScheduledReadRequestRead failed) at <*> line <*>,19
<*> GoogleSoftwareUpdateAgent[<*>] [lvl=<*>] -[KSAgentApp updateProductWithProductID:usingEngine:] Checking for updates for <*> using engine <KSUpdateEngine:<*>,"<*> GoogleSoftwareUpdateAgent[<*>] [lvl=<*>] -[KSAgentApp updateProductWithProductID:usingEngine:] Checking for updates for ""All Products"" using engine <KSUpdateEngine:<*>",<*> GoogleSoftwareUpdateAgent[<*>] [lvl=<*>] -[KSAgentApp updateProductWithProductID:usingEngine:] Checking for updates for <*> using engine <KSUpdateEngine:<*>,19
"<*> GoogleSoftwareUpdateAgent[<*>] [lvl=<*>] -[KSAgentApp performSelfUpdateWithEngine:] This process may be killed if self-update is necessary. In such cases, sub-processes may still be running to complete the self-update.","<*> GoogleSoftwareUpdateAgent[<*>] [lvl=<*>] -[KSAgentApp performSelfUpdateWithEngine:] This process may be killed if self-update is necessary. In such cases, sub-processes may still be running to complete the self-update.","<*> GoogleSoftwareUpdateAgent[<*>] [lvl=<*>] -[KSAgentApp performSelfUpdateWithEngine:] This process may be killed if self-update is necessary. In such cases, sub-processes may still be running to complete the self-update.",19
<*> GoogleSoftwareUpdateAgent[<*>] [lvl=<*>] -[KSAgentApp performSelfUpdateWithEngine:] Checking for self update with Engine: <KSUpdateEngine:<*>,<*> GoogleSoftwareUpdateAgent[<*>] [lvl=<*>] -[KSAgentApp performSelfUpdateWithEngine:] Checking for self update with Engine: <KSUpdateEngine:<*>,<*> GoogleSoftwareUpdateAgent[<*>] [lvl=<*>] -[KSAgentApp performSelfUpdateWithEngine:] Checking for self update with Engine: <KSUpdateEngine:<*>,19
<*> GoogleSoftwareUpdateAgent[<*>] [lvl=<*>] -[KSAgentApp checkForUpdates] Finished update check.,<*> GoogleSoftwareUpdateAgent[<*>] [lvl=<*>] -[KSAgentApp checkForUpdates] Finished update check.,<*> GoogleSoftwareUpdateAgent[<*>] [lvl=<*>] -[KSAgentApp checkForUpdates] Finished update check.,19
<*> GoogleSoftwareUpdateAgent[<*>] [lvl=<*>] +[KSCodeSigningVerification verifyBundle:applicationId:error:] KSCodeSigningVerification verifying code signing for <*> with the requirement 'anchor apple generic and certificate <*>[field.<*>] exists and certificate leaf[field.<*>] exists and certificate leaf[subject.OU]=<*> and (identifier=<*>)',"<*> GoogleSoftwareUpdateAgent[<*>] [lvl=<*>] +[KSCodeSigningVerification verifyBundle:applicationId:error:] KSCodeSigningVerification verifying code signing for <*> with the requirement 'anchor apple generic and certificate <*>[field.<*>] exists and certificate leaf[field.<*>] exists and certificate leaf[subject.OU]=""EQHXZ8M8AV"" and (identifier=""<*>"")'","<*> GoogleSoftwareUpdateAgent[<*>] [lvl=<*>] +[KSCodeSigningVerification verifyBundle:applicationId:error:] KSCodeSigningVerification verifying code signing for <*> with the requirement 'anchor apple generic and certificate <*>[field.<*>] exists and certificate leaf[field.<*>] exists and certificate leaf[subject.OU]=""EQHXZ8M8AV"" and (identifier=""<*>"")'",19
<*> GoogleSoftwareUpdateAgent[<*>] [lvl=<*>] +[KSCodeSigningVerification verifyBundle:applicationId:error:] KSCodeSigningVerification verifying code signing for <*> with the requirement 'anchor apple generic and certificate <*>[field.<*>] exists and certificate leaf[field.<*>] exists and certificate leaf[subject.OU]=<*> and (identifier=<*>)',"<*> GoogleSoftwareUpdateAgent[<*>] [lvl=<*>] +[KSCodeSigningVerification verifyBundle:applicationId:error:] KSCodeSigningVerification verifying code signing for '<*> Chrome.app' with the requirement 'anchor apple generic and certificate <*>[field.<*>] exists and certificate leaf[field.<*>] exists and certificate leaf[subject.OU]=""EQHXZ8M8AV"" and (identifier=""<*>"")'","<*> GoogleSoftwareUpdateAgent[<*>] [lvl=<*>] +[KSCodeSigningVerification verifyBundle:applicationId:error:] KSCodeSigningVerification verifying code signing for <*> with the requirement 'anchor apple generic and certificate <*>[field.<*>] exists and certificate leaf[field.<*>] exists and certificate leaf[subject.OU]=""EQHXZ8M8AV"" and (identifier=""<*>"")'",19
<*> GoogleSoftwareUpdateAgent[<*>] [lvl=<*>] -[KSAgentApp(KeystoneThread) runKeystonesInThreadWithArg:] Checking with local engine: <KSUpdateEngine:<*>,<*> GoogleSoftwareUpdateAgent[<*>] [lvl=<*>] -[KSAgentApp(KeystoneThread) runKeystonesInThreadWithArg:] Checking with local engine: <KSUpdateEngine:<*>,<*> GoogleSoftwareUpdateAgent[<*>] [lvl=<*>] -[KSAgentApp(KeystoneThread) runKeystonesInThreadWithArg:] Checking with local engine: <KSUpdateEngine:<*>,19
<*> GoogleSoftwareUpdateAgent[<*>] [lvl=<*>] -[KSAgentApp performSelfUpdateWithEngine:] Finished self update check.,<*> GoogleSoftwareUpdateAgent[<*>] [lvl=<*>] -[KSAgentApp performSelfUpdateWithEngine:] Finished self update check.,<*> GoogleSoftwareUpdateAgent[<*>] [lvl=<*>] -[KSAgentApp performSelfUpdateWithEngine:] Finished self update check.,19
<*> GoogleSoftwareUpdateAgent[<*>] [lvl=<*>] -[KSAgentApp(KeystoneThread) runKeystonesInThreadWithArg:] Finished with engine thread,<*> GoogleSoftwareUpdateAgent[<*>] [lvl=<*>] -[KSAgentApp(KeystoneThread) runKeystonesInThreadWithArg:] Finished with engine thread,<*> GoogleSoftwareUpdateAgent[<*>] [lvl=<*>] -[KSAgentApp(KeystoneThread) runKeystonesInThreadWithArg:] Finished with engine thread,19
"<*> GoogleSoftwareUpdateAgent[<*>] [lvl=<*>] -[KSUpdateEngine updateProductID:] KSUpdateEngine updating product ID: ""<*>""","<*> GoogleSoftwareUpdateAgent[<*>] [lvl=<*>] -[KSUpdateEngine updateProductID:] KSUpdateEngine updating product ID: ""<*>""","<*> GoogleSoftwareUpdateAgent[<*>] [lvl=<*>] -[KSUpdateEngine updateProductID:] KSUpdateEngine updating product ID: ""<*>""",19
<*> GoogleSoftwareUpdateAgent[<*>] [lvl=<*>] -[KSAgentApp(KeystoneThread) runKeystonesInThreadWithArg:] Starting engine thread,<*> GoogleSoftwareUpdateAgent[<*>] [lvl=<*>] -[KSAgentApp(KeystoneThread) runKeystonesInThreadWithArg:] Starting engine thread,<*> GoogleSoftwareUpdateAgent[<*>] [lvl=<*>] -[KSAgentApp(KeystoneThread) runKeystonesInThreadWithArg:] Starting engine thread,19
"<*> GoogleSoftwareUpdateAgent[<*>] [lvl=<*>] -[KSUpdateEngine updateAllExceptProduct:] KSUpdateEngine updating all installed products, except:'<*>'.","<*> GoogleSoftwareUpdateAgent[<*>] [lvl=<*>] -[KSUpdateEngine updateAllExceptProduct:] KSUpdateEngine updating all installed products, except:'<*>'.","<*> GoogleSoftwareUpdateAgent[<*>] [lvl=<*>] -[KSUpdateEngine updateAllExceptProduct:] KSUpdateEngine updating all installed products, except:'<*>'.",19
[<*>] fragManifold_PushBytes signalled err=<*> (<*>) (Second 'ftyp' atom encountered) at <*> line <*>,[<*>] fragManifold_PushBytes signalled err=-<*> (kFigManifoldError_UnexpectedInitData) (Second 'ftyp' atom encountered) at <*> line <*>,[<*>] fragManifold_PushBytes signalled err=-<*> (kFigManifoldError_UnexpectedInitData) (Second 'ftyp' atom encountered) at <*> line <*>,19
Couldn't find a requirement string for masquerading client <*>,Couldn't find a requirement string for masquerading client <*>,Couldn't find a requirement string for masquerading client <*>,19
<*> GoogleSoftwareUpdateAgent[<*>] [lvl=<*>] -[KSAgentApp(KeystoneThread) runKeystonesInThreadWithArg:] No functional system update engine detected. Only user tickets will be processed.,<*> GoogleSoftwareUpdateAgent[<*>] [lvl=<*>] -[KSAgentApp(KeystoneThread) runKeystonesInThreadWithArg:] No functional system update engine detected. Only user tickets will be processed.,<*> GoogleSoftwareUpdateAgent[<*>] [lvl=<*>] -[KSAgentApp(KeystoneThread) runKeystonesInThreadWithArg:] No functional system update engine detected. Only user tickets will be processed.,19
"[<*>] [Account refresh failed with error: Error Domain=CoreDAVHTTPStatusErrorDomain <*> ""(<*>)"" UserInfo={AccountName=<*>, CalDAVErrFromRefresh=<*>, CoreDAVHTTPHeaders=<*>{type =<*> <*> count =<*> <*>,","[<*>] [Account refresh failed with error: Error Domain=<*> Code=<*> ""(null)"" UserInfo={AccountName=<*>, CalDAVErrFromRefresh=<*>, CoreDAVHTTPHeaders=<CFBasicHash <*> [<*>]>{type = <*> dict, count = <*>,","[<*>] [Account refresh failed with error: Error Domain=<*> Code=<*> ""(null)"" UserInfo={AccountName=<*>, CalDAVErrFromRefresh=<*>, CoreDAVHTTPHeaders=<CFBasicHash <*> [<*>]>{type = <*> dict, count = <*>,",18
<*> GoogleSoftwareUpdateAgent[<*>] [lvl=<*>] -[KSAgentUploader fetcher:finishedWithData:] Successfully uploaded stats to <NSMutableURLRequest: <*> { URL: <*> },<*> GoogleSoftwareUpdateAgent[<*>] [lvl=<*>] -[KSAgentUploader fetcher:finishedWithData:] Successfully uploaded stats to <NSMutableURLRequest: <*> { URL: <*> },<*> GoogleSoftwareUpdateAgent[<*>] [lvl=<*>] -[KSAgentUploader fetcher:finishedWithData:] Successfully uploaded stats to <NSMutableURLRequest: <*> { URL: <*> },18
"<*> GoogleSoftwareUpdateAgent[<*>] [lvl=<*>] -[KSAgentApp uploadStats:] Successfully uploaded stats <KSStatsCollection:<*> path=""<*>"", count=<*>, stats={","<*> GoogleSoftwareUpdateAgent[<*>] [lvl=<*>] -[KSAgentApp uploadStats:] Successfully uploaded stats <KSStatsCollection:<*> path=""<*>"", count=<*>, stats={","<*> GoogleSoftwareUpdateAgent[<*>] [lvl=<*>] -[KSAgentApp uploadStats:] Successfully uploaded stats <KSStatsCollection:<*> path=""<*>"", count=<*>, stats={",18
<*> ERROR: >aq> <*>: AQBuffer * <*> has enqueue count of <*>,<*> ERROR: >aq> <*>: AQBuffer * <*> has enqueue count of <*>,<*> ERROR: >aq> <*>: AQBuffer * <*> has enqueue count of <*>,18
Session <*> created,Session <*> created,Session <*> created,18
[HID] [ATC] AppleDeviceManagementHIDEventService::processWakeReason Wake reason: Button (<*>),[HID] [ATC] AppleDeviceManagementHIDEventService::processWakeReason Wake reason: Button (<*>),[HID] [ATC] AppleDeviceManagementHIDEventService::processWakeReason Wake reason: Button (<*>),17
extension <*> -> <*>,extension <*> -> <*>,extension <*> -> <*>,17
[<*>] [Coalescing failed operation [<CalDAVAccountRefreshQueueableOperation: <*> Sequence: <*>]],[<*>] [Coalescing failed operation [<CalDAVAccountRefreshQueueableOperation: <*>; Sequence: <*>]],[<*>] [Coalescing failed operation [<CalDAVAccountRefreshQueueableOperation: <*>; Sequence: <*>]],16
"In -[NSApplication(NSQuietSafeQuit) _updateCanQuitQuietlyAndSafely], _LSSetApplicationInformationItem(NSCanQuitQuietlyAndSafely) returned error <*>","In -[NSApplication(NSQuietSafeQuit) _updateCanQuitQuietlyAndSafely], _LSSetApplicationInformationItem(NSCanQuitQuietlyAndSafely) returned error -<*>","In -[NSApplication(NSQuietSafeQuit) _updateCanQuitQuietlyAndSafely], _LSSetApplicationInformationItem(NSCanQuitQuietlyAndSafely) returned error -<*>",15
-[SFLListManager(ServiceReplyProtocol) notifyChanges:toListWithIdentifier:] Notified of item changes to list with identifier <*>,-[SFLListManager(ServiceReplyProtocol) notifyChanges:toListWithIdentifier:] Notified of item changes to list with identifier <*>,-[SFLListManager(ServiceReplyProtocol) notifyChanges:toListWithIdentifier:] Notified of item changes to list with identifier <*>,15
"<*> [CountryConfiguration]: Could not determine current country code: Error Domain=<*> Code=<*> <*> UserInfo={NSUnderlyingError=<*> {Error Domain=<*> Code=<*> <*> UserInfo={NSErrorFailingURLStringKey=<*>, NSErrorFailingURLKey=<*>, _kCFStreamErrorCodeKey=<*>, _kCFStreamErrorDomainKey=<*>, NSLocalizedDescription=<*>}}, NSErrorFailingURLStringKey=<*>, NSErrorFailingURLKey=<*>, _kCFStreamErrorDomainKey=<*>, _kCFStreamErrorCodeKey=<*>, NSLocalizedDescription=<*>}","<*>, <*> [CountryConfiguration]: Could not determine current country code: Error Domain=<*> Code=-<*> ""The Internet connection appears to be offline."" UserInfo={NSUnderlyingError=<*> {Error Domain=<*> Code=-<*> ""The Internet connection appears to be offline."" UserInfo={NSErrorFailingURLStringKey=<*>, NSErrorFailingURLKey=<*>, _kCFStreamErrorCodeKey=<*>, _kCFStreamErrorDomainKey=<*>, NSLocalizedDescription=<*> Internet connection appears to be offline.}}, NSErrorFailingURLStringKey=<*>, NSErrorFailingURLKey=<*>, _kCFStreamErrorDomainKey=<*>, _kCFStreamErrorCodeKey=<*>, NSLocalizedDescription=<*> Internet connection appears to be offline.}","<*>, <*> [CountryConfiguration]: Could not determine current country code: Error Domain=<*> Code=-<*> ""The Internet connection appears to be offline."" UserInfo={NSUnderlyingError=<*> {Error Domain=<*> Code=-<*> ""The Internet connection appears to be offline."" UserInfo={NSErrorFailingURLStringKey=<*>, NSErrorFailingURLKey=<*>, _kCFStreamErrorCodeKey=<*>, _kCFStreamErrorDomainKey=<*>, NSLocalizedDescription=<*> Internet connection appears to be offline.}}, NSErrorFailingURLStringKey=<*>, NSErrorFailingURLKey=<*>, _kCFStreamErrorDomainKey=<*>, _kCFStreamErrorCodeKey=<*>, NSLocalizedDescription=<*> Internet connection appears to be offline.}",15
full wake promotion (reason <*>) <*> ms,full wake promotion (reason <*>) <*>,full wake promotion (reason <*>) <*>,15
childFrame with no value: <*> EWSMailboxTypeTypeDefinition:<*> (Inlined Arrays: (<*>)),childFrame with no value: <_SOAPParserFrame: <*> EWSMailboxTypeTypeDefinition:__NSCFString (Inlined Arrays: (null)),childFrame with no value: <_SOAPParserFrame: <*> EWSMailboxTypeTypeDefinition:__NSCFString (Inlined Arrays: (null)),15
Unrecognized XSSimpleTypeDefinition: <*>,Unrecognized XSSimpleTypeDefinition: OneOff,Unrecognized XSSimpleTypeDefinition: OneOff,15
Wake reason: <*>,Wake reason: XHC1,Wake reason: XHC1,15
Invalid Connection ID <*>,Invalid Connection ID <*>,Invalid Connection ID <*>,15
Error <*> creating authorization,Error -<*> creating authorization,Error -<*> creating authorization,15
***** Received request to scan at <*> *****,***** Received request to scan at <*> *****,***** Received request to scan at <*> *****,14
com.apple.WebKit(<*>) deny file-read-data <*>,<*>) deny file-read-data <*>,<*>) deny file-read-data <*>,14
tcp_connection_destination_perform_socket_connect <*> connectx to <*> failed: [<*>] Network is unreachable,tcp_connection_destination_perform_socket_connect <*> connectx to <*> failed: [<*>] Network is unreachable,tcp_connection_destination_perform_socket_connect <*> connectx to <*> failed: [<*>] Network is unreachable,14
ERROR | -[LWBuiltInScreenLockAuthLion <*> | Attempted to remove an observer when not observing,ERROR | -[LWBuiltInScreenLockAuthLion closeAuthAndReset:] | Attempted to remove an observer when not observing,ERROR | -[LWBuiltInScreenLockAuthLion closeAuthAndReset:] | Attempted to remove an observer when not observing,14
"blued: unable to relinquishBluetoothPagingLockAndReply Error Domain=<*> Code=<*> ""(<*>)""","blued: unable to relinquishBluetoothPagingLockAndReply Error Domain=<*> Code=<*> ""(null)""","blued: unable to relinquishBluetoothPagingLockAndReply Error Domain=<*> Code=<*> ""(null)""",14
magsafeStateChanged state changed old <*> new <*>,magsafeStateChanged state changed old <*> new <*>,magsafeStateChanged state changed old <*> new <*>,13
network changed: <*> DNS Proxy SMB,network changed: v4(en0:<*>) v6(en0!:<*>) DNS Proxy SMB,network changed: v4(en0:<*>) v6(en0!:<*>) DNS Proxy SMB,13
[<*>] videoMentorThreadCreateSampleBuffer signalled err=<*> (err) (FigSampleGeneratorCreateSampleBufferAtCursor failed) at <*> line <*>,[<*>] <*> signalled err=-<*> (err) (FigSampleGeneratorCreateSampleBufferAtCursor failed) at <*> line <*>,[<*>] <*> signalled err=-<*> (err) (FigSampleGeneratorCreateSampleBufferAtCursor failed) at <*> line <*>,13
[<*>] [Failed to refresh <CalManagedSubscriptionInfo: <*> (entity: SubscriptionInfo; id: <*> ; data: {,[<*>] [Failed to refresh <CalManagedSubscriptionInfo: <*> (entity: SubscriptionInfo; id: <*> <x-coredata:<*> ; data: {,[<*>] [Failed to refresh <CalManagedSubscriptionInfo: <*> (entity: SubscriptionInfo; id: <*> <x-coredata:<*> ; data: {,13
Service exited with abnormal code: <*>,Service exited with abnormal code: <*>,Service exited with abnormal code: <*>,13
CFPasteboardBeginGenerationReturn CFPasteboardBeginGeneration(<*>) : Lock timeout,CFPasteboardBeginGenerationReturn CFPasteboardBeginGeneration(CFPasteboardRef) : Lock timeout,CFPasteboardBeginGenerationReturn CFPasteboardBeginGeneration(CFPasteboardRef) : Lock timeout,13
<*> : BTLE discovered device with hash <*>,<*> : BTLE discovered device with hash <*>,<*> : BTLE discovered device with hash <*>,13
Removed expired problem report: <*>,Removed expired problem report: file:<*>,Removed expired problem report: file:<*>,12
-[WebSocketNetWork webSocket:didReceiveMessage:],-[WebSocketNetWork webSocket:didReceiveMessage:],-[WebSocketNetWork webSocket:didReceiveMessage:],12
-[WebSocketNetWork webSocketDidOpen:],-[WebSocketNetWork webSocketDidOpen:],-[WebSocketNetWork webSocketDidOpen:],12
LaunchServices: Could not store lsd-identifiers file at <*>,LaunchServices: Could not store lsd-identifiers file at <*>,LaunchServices: Could not store lsd-identifiers file at <*>,12
"[<*>] [Sync report for calendar home iCloud, failed with error Error Domain=NSURLErrorDomain <*> {Error Domain=kCFErrorDomainCFNetwork <*> UserInfo={NSErrorFailingURLStringKey=<*>, NSErrorFailingURLKey=<*>, _kCFStreamErrorCodeKey=<*>, _kCFStreamErrorDomainKey=<*>, <*> NSErrorFailingURLStringKey=<*>, NSErrorFailingURLKey=<*>, _kCFStreamErrorDomainKey=<*>, _kCFStreamErrorCodeKey=<*>, <*>","[<*>] [Sync report for calendar home iCloud, failed with error Error Domain=<*> Code=-<*> <*> UserInfo={NSUnderlyingError=<*> {Error Domain=<*> Code=-<*> <*> UserInfo={NSErrorFailingURLStringKey=<*>, NSErrorFailingURLKey=<*>, _kCFStreamErrorCodeKey=<*>, _kCFStreamErrorDomainKey=<*>, <*>}}, NSErrorFailingURLStringKey=<*>, NSErrorFailingURLKey=<*>, _kCFStreamErrorDomainKey=<*>, _kCFStreamErrorCodeKey=<*>, <*>}]","[<*>] [Sync report for calendar home iCloud, failed with error Error Domain=<*> Code=-<*> <*> UserInfo={NSUnderlyingError=<*> {Error Domain=<*> Code=-<*> <*> UserInfo={NSErrorFailingURLStringKey=<*>, NSErrorFailingURLKey=<*>, _kCFStreamErrorCodeKey=<*>, _kCFStreamErrorDomainKey=<*>, <*>}}, NSErrorFailingURLStringKey=<*>, NSErrorFailingURLKey=<*>, _kCFStreamErrorDomainKey=<*>, _kCFStreamErrorCodeKey=<*>, <*>}]",12
"[<*>] <<< FFR_Common >>> FigFormatReaderCreateForStreamReturningMatchingContainerLabelType: *** Could not find format reader for URL <*> path <*> extension <*> FileType '' MIMETYPE ""(<*>)"" SuggFileName ""(<*>)"" SuggNameExtension ""(<*>)""","[<*>] <<< FFR_Common >>> FigFormatReaderCreateForStreamReturningMatchingContainerLabelType: *** Could not find format reader for URL ""file:<*>%5BKamigami%5D%20Sword%20Art%20Online%<*>%5BBDrip%201920x1080%20x264%20FLAC%20MKV%20Sub(Chs,Jap)%5D/%5BKamigami%5D%20Sword%20Art%20Online%<*>-%<*>%5BBDrip%201920x1080%20x264%20FLAC%5D.mkv"" path ""<*>[Kamigami] Sword Art Online [BDrip 1920x1080 x264 FLAC MKV Sub(Chs,Jap)]/[Kamigami] Sword Art Online - <*> [BDrip 1920x1080 x264 FLAC].mkv"" extension ""mkv"" FileType '' MIMETYPE ""(null)"" SuggFileName ""(null)"" SuggNameExtension ""(null)""","[<*>] <<< FFR_Common >>> FigFormatReaderCreateForStreamReturningMatchingContainerLabelType: *** Could not find format reader for URL ""file:<*>%5BKamigami%5D%20Sword%20Art%20Online%<*>%5BBDrip%201920x1080%20x264%20FLAC%20MKV%20Sub(Chs,Jap)%5D/%5BKamigami%5D%20Sword%20Art%20Online%<*>-%<*>%5BBDrip%201920x1080%20x264%20FLAC%5D.mkv"" path ""<*>[Kamigami] Sword Art Online [BDrip 1920x1080 x264 FLAC MKV Sub(Chs,Jap)]/[Kamigami] Sword Art Online - <*> [BDrip 1920x1080 x264 FLAC].mkv"" extension ""mkv"" FileType '' MIMETYPE ""(null)"" SuggFileName ""(null)"" SuggNameExtension ""(null)""",12
_CGXRemoveWindowFromWindowMovementGroup: window <*> is not attached to window <*>,_CGXRemoveWindowFromWindowMovementGroup: window <*> is not attached to window <*>,_CGXRemoveWindowFromWindowMovementGroup: window <*> is not attached to window <*>,12
Internal name did not resolve to internal address!,Internal name did not resolve to internal address!,Internal name did not resolve to internal address!,12
Sandbox: com.apple.Addres(<*>) deny(<*>) mach-lookup <*>,Sandbox: <*>) deny(<*>) mach-lookup <*>,Sandbox: <*>) deny(<*>) mach-lookup <*>,12
[<*>] FigFormatReaderCreateForStreamReturningMatchingContainerLabelType signalled err=<*> (<*>) (Unrecognized content) at <*> line <*>,[<*>] FigFormatReaderCreateForStreamReturningMatchingContainerLabelType signalled err=-<*> (kFigFormatReaderError_FileNotRecognized) (Unrecognized content) at <*> line <*>,[<*>] FigFormatReaderCreateForStreamReturningMatchingContainerLabelType signalled err=-<*> (kFigFormatReaderError_FileNotRecognized) (Unrecognized content) at <*> line <*>,11
<*> AM [AirPlayUIAgent] BecomingInactive: NSWorkspaceWillSleepNotification,<*> AM [AirPlayUIAgent] BecomingInactive: NSWorkspaceWillSleepNotification,<*> AM [AirPlayUIAgent] BecomingInactive: NSWorkspaceWillSleepNotification,11
"[CardDAVPlugin-ERROR] Exception caught while running sync with server: Error Domain=<*> Code=<*> ""(<*>)""","[CardDAVPlugin-ERROR] Exception caught while running sync with server: Error Domain=<*> Code=<*> ""(null)""","[CardDAVPlugin-ERROR] Exception caught while running sync with server: Error Domain=<*> Code=<*> ""(null)""",11
storeaccountd(<*>) deny file-write-create <*>,storeaccountd(<*>) deny file-write-create <*>,storeaccountd(<*>) deny file-write-create <*>,11
AirPort: RSN handshake complete on <*>,AirPort: RSN handshake complete on en0,AirPort: RSN handshake complete on en0,11
<*> EAP-PEAP: successfully authenticated,en0 EAP-PEAP: successfully authenticated,en0 EAP-PEAP: successfully authenticated,11
"[<*>] <<<< CRABS >>>> crabsFlumeConnectionToHostLost: [<*>] Byte flume reports connection to host lost. No error specified, using kCFURLErrorCannotConnectToHost.","[<*>] <<<< CRABS >>>> crabsFlumeConnectionToHostLost: [<*>] Byte flume reports connection to host lost. No error specified, using kCFURLErrorCannotConnectToHost.","[<*>] <<<< CRABS >>>> crabsFlumeConnectionToHostLost: [<*>] Byte flume reports connection to host lost. No error specified, using kCFURLErrorCannotConnectToHost.",10
extension <*> -> <*>,extension <*> -> (null),extension <*> -> (null),10
SecTaskLoadEntitlements failed error=<*>,SecTaskLoadEntitlements failed error=<*>,SecTaskLoadEntitlements failed error=<*>,10
<*> : Started generating hashes,<*> : Started generating hashes,<*> : Started generating hashes,10
<*> : Finished generating hashes,<*> : Finished generating hashes,<*> : Finished generating hashes,10
<*> : Adding my hashes manually,<*> : Adding my hashes manually,<*> : Adding my hashes manually,10
network changed: <*> DNS! Proxy SMB,network changed: <*>) <*> Proxy SMB,network changed: <*>) <*> Proxy SMB,10
nw_path_query_lqm Tried to query LQM on path with no interfaces,nw_path_query_lqm Tried to query LQM on path with no interfaces,nw_path_query_lqm Tried to query LQM on path with no interfaces,9
[<*>] FigAtomStreamAdvanceToNextAtomWithType signalled err=<*> (<*>) (Atom had a bogus length) at <*> line <*>,[<*>] FigAtomStreamAdvanceToNextAtomWithType signalled err=-<*> (kFigAtomStream_BadLengthInAtom) (Atom had a bogus length) at <*> line <*>,[<*>] FigAtomStreamAdvanceToNextAtomWithType signalled err=-<*> (kFigAtomStream_BadLengthInAtom) (Atom had a bogus length) at <*> line <*>,9
"<*>: DNSServiceCreateConnection: <*> registered records, <*> kDNSServiceFlagsShareConnection operation PID[<*>](<*>)","<*>: DNSServiceCreateConnection: <*> registered records, <*> kDNSServiceFlagsShareConnection operation PID[<*>](Mail)","<*>: DNSServiceCreateConnection: <*> registered records, <*> kDNSServiceFlagsShareConnection operation PID[<*>](Mail)",9
<*>: Could not write data to client PID[<*>](<*>) because of error - aborting connection,<*>: Could not write data to client PID[<*>](Mail) because of error - aborting connection,<*>: Could not write data to client PID[<*>](Mail) because of error - aborting connection,9
[<*>] [WARNING: CalDAVAccountRefreshQueueableOperation :: <*> refresh failed],[<*>] [WARNING: CalDAVAccountRefreshQueueableOperation :: after refresh failed],[<*>] [WARNING: CalDAVAccountRefreshQueueableOperation :: after refresh failed],9
AirPort: Link Down on <*> Reason <*> (Disassociated due to inactivity).,AirPort: Link Down on en0. Reason <*> (Disassociated due to inactivity).,AirPort: Link Down on en0. Reason <*> (Disassociated due to inactivity).,9
"arp_client_transmit(<*>) failed, Network is down (<*>)","arp_client_transmit(en0) failed, Network is down (<*>)","arp_client_transmit(en0) failed, Network is down (<*>)",9
.sdef warning for argument <*> of command <*> in suite <*>: <*> is not a valid type name.,.sdef warning for argument <*> of command <*> is not a valid type name.,.sdef warning for argument <*> of command <*> is not a valid type name.,9
"ARPT: <*>: <*>: Beacon Loss Event, last RSSI[<*>]","ARPT: <*>: wl0: Beacon Loss Event, last RSSI[-<*>]","ARPT: <*>: wl0: Beacon Loss Event, last RSSI[-<*>]",9
"[CardDAVPlugin-ERROR] -getPrincipalInfo:[_controller <*> Error Domain=<*> Code=<*> ""(<*>)""","[CardDAVPlugin-ERROR] -getPrincipalInfo:[_controller principalPropertiesAtURL:https://xpcben%40gmail.com@<*>%40gmail.com/] Error Domain=<*> Code=<*> ""(null)""","[CardDAVPlugin-ERROR] -getPrincipalInfo:[_controller principalPropertiesAtURL:https://xpcben%40gmail.com@<*>%40gmail.com/] Error Domain=<*> Code=<*> ""(null)""",9
Sandbox: storeaccountd(<*>) deny(<*>) file-write-create <*>,Sandbox: storeaccountd(<*>) deny(<*>) file-write-create <*>,Sandbox: storeaccountd(<*>) deny(<*>) file-write-create <*>,9
network changed: <*> DNS Proxy SMB,network changed: <*>) <*> Proxy SMB,network changed: <*>) <*> Proxy SMB,8
[<*>] <<<< CRABS >>>> crabsWaitForLoad: <*> Wait time out - <*> (msRequestTimeout <*>),[<*>] <<<< CRABS >>>> crabsWaitForLoad: [<*>] Wait time out - -<*> (msRequestTimeout -<*>),[<*>] <<<< CRABS >>>> crabsWaitForLoad: [<*>] Wait time out - -<*> (msRequestTimeout -<*>),8
No items found in keychain,No items found in keychain,No items found in keychain,8
INSTALLED:<*> <*>(<*>) <__NSConcreteUUID <*>,INSTALLED:<*>) <__NSConcreteUUID <*>,INSTALLED:<*>) <__NSConcreteUUID <*>,8
Failed to <*> a scan - central is not powered on: <*>,Failed to start a scan - central is not powered on: <*>,Failed to start a scan - central is not powered on: <*>,8
Failed to start scanning,Failed to start scanning,Failed to start scanning,8
payload Data <*>,payload Data <*>,payload Data <*>,8
UNINSTALLED:<*> <*>(<*>) <*>,UNINSTALLED:<*>) <*>,UNINSTALLED:<*>) <*>,8
notify name <*> has been registered <*> times - this may be a leak,notify name <*> has been registered <*> times - this may be a leak,notify name <*> has been registered <*> times - this may be a leak,7
Running daily periodic task.,Running daily periodic task.,Running daily periodic task.,7
Cleaning up expired diagnostic messages database at path: <*>,Cleaning up expired diagnostic messages database at path: <*>,Cleaning up expired diagnostic messages database at path: <*>,7
Triggering diganostics messages cleanup,Triggering diganostics messages cleanup,Triggering diganostics messages cleanup,7
SpotlightNetHelp(<*>) deny ipc-posix-shm-read-data <*>:,SpotlightNetHelp(<*>) deny ipc-posix-shm-read-data CFPBS:<*>:,SpotlightNetHelp(<*>) deny ipc-posix-shm-read-data CFPBS:<*>:,6
disable_update_timeout: UI updates were forcibly disabled by application <*> for over <*> seconds. Server has re-enabled them.,disable_update_timeout: UI updates were forcibly disabled by application <*> for over <*> seconds. Server has re-enabled them.,disable_update_timeout: UI updates were forcibly disabled by application <*> for over <*> seconds. Server has re-enabled them.,6
CoreAnimation: timed out fence <*>,CoreAnimation: timed out fence <*>,CoreAnimation: timed out fence <*>,6
vm_compressor_fastwake_warmup (<*> - <*>) - starting,vm_compressor_fastwake_warmup (<*> - <*>) - starting,vm_compressor_fastwake_warmup (<*> - <*>) - starting,6
[<*>] audioMentorThreadForwardOrReversePlayback signalled err=<*> (<*>) (FigSampleGeneratorCreateSampleBufferAtCursor failed) at <*> line <*>,[<*>] <*> signalled err=-<*> (err) (FigSampleGeneratorCreateSampleBufferAtCursor failed) at <*> line <*>,[<*>] <*> signalled err=-<*> (err) (FigSampleGeneratorCreateSampleBufferAtCursor failed) at <*> line <*>,6
Metadata.framework [Error]: void _MDItemMarkAsUsedForPath(<*>): was called with a <*> path,Metadata.framework [Error]: void _MDItemMarkAsUsedForPath(CFStringRef): was called with a NULL path,Metadata.framework [Error]: void _MDItemMarkAsUsedForPath(CFStringRef): was called with a NULL path,6
"<*> : SDWormholeServer::failedToStartScanningWithError Error Domain=<*> Code=<*> ""(os/kern) no access"" UserInfo={NSLocalizedDescription=<*>}","<*> : SDWormholeServer::failedToStartScanningWithError Error Domain=<*> Code=<*> ""(<*>) no access"" UserInfo={NSLocalizedDescription=<*> can't start scanning at this time.}","<*> : SDWormholeServer::failedToStartScanningWithError Error Domain=<*> Code=<*> ""(<*>) no access"" UserInfo={NSLocalizedDescription=<*> can't start scanning at this time.}",6
<*> : Hash <*> exists in contacts,<*> : Hash <*> exists in contacts,<*> : Hash <*> exists in contacts,6
vm_compressor_fastwake_warmup completed - took <*> msecs,<*> completed - took <*> msecs,<*> completed - took <*> msecs,6
[QL] No sandbox token for request <*> it will probably fail,[QL] No sandbox token for request <*> it will probably fail,[QL] No sandbox token for request <*> it will probably fail,6
common_reenable_update: UI updates were finally reenabled by application <*> after <*> seconds [<*>] (server forcibly re-enabled them after <*> seconds [<*>]),common_reenable_update: UI updates were finally reenabled by application <*> after <*> seconds [<*>] (server forcibly re-enabled them after <*> seconds [<*>]),common_reenable_update: UI updates were finally reenabled by application <*> after <*> seconds [<*>] (server forcibly re-enabled them after <*> seconds [<*>]),6
client <*> plug-in <*> election := <*>,client <*> plug-in <*> election := <*>,client <*> plug-in <*> election := <*>,5
XPC Activity invoked with state=<*>,XPC Activity invoked with state=<*>,XPC Activity invoked with state=<*>,5
[EAPOLControl.c:<*>] EAPOLControlAuthInfoIsValid(): Ignoring SaveCredentialsOnSuccessfulAuthentication since no credentials were specified,[EAPOLControl.c:<*>] EAPOLControlAuthInfoIsValid(): Ignoring SaveCredentialsOnSuccessfulAuthentication since no credentials were specified,[EAPOLControl.c:<*>] EAPOLControlAuthInfoIsValid(): Ignoring SaveCredentialsOnSuccessfulAuthentication since no credentials were specified,5
"[CardDAVPlugin-ERROR] -getPrincipalInfo:[_controller <*>] Error Domain=<*> Code=<*> <*> UserInfo={NSUnderlyingError=<*> {Error Domain=<*> Code=-<*> <*> UserInfo={NSErrorFailingURLStringKey=<*>, NSErrorFailingURLKey=<*>, _kCFStreamErrorCodeKey=<*>, _kCFStreamErrorDomainKey=<*>, NSLocalizedDescription=<*>}}, NSErrorFailingURLStringKey=<*>, NSErrorFailingURLKey=<*>, _kCFStreamErrorDomainKey=<*>, _kCFStreamErrorCodeKey=<*>, NSLocalizedDescription=<*>}","[CardDAVPlugin-ERROR] -getPrincipalInfo:[_controller supportsRequestCompressionAtURL:https:<*>] Error Domain=<*> Code=-<*> ""A server with the specified hostname could not be found."" UserInfo={NSUnderlyingError=<*> {Error Domain=<*> Code=-<*> ""A server with the specified hostname could not be found."" UserInfo={NSErrorFailingURLStringKey=<*>, NSErrorFailingURLKey=<*>, _kCFStreamErrorCodeKey=<*>, _kCFStreamErrorDomainKey=<*>, NSLocalizedDescription=<*> server with the specified hostname could not be found.}}, NSErrorFailingURLStringKey=<*>, NSErrorFailingURLKey=<*>, _kCFStreamErrorDomainKey=<*>, _kCFStreamErrorCodeKey=<*>, NSLocalizedDescription=<*> server with the specified hostname could not be found.}","[CardDAVPlugin-ERROR] -getPrincipalInfo:[_controller supportsRequestCompressionAtURL:https:<*>] Error Domain=<*> Code=-<*> ""A server with the specified hostname could not be found."" UserInfo={NSUnderlyingError=<*> {Error Domain=<*> Code=-<*> ""A server with the specified hostname could not be found."" UserInfo={NSErrorFailingURLStringKey=<*>, NSErrorFailingURLKey=<*>, _kCFStreamErrorCodeKey=<*>, _kCFStreamErrorDomainKey=<*>, NSLocalizedDescription=<*> server with the specified hostname could not be found.}}, NSErrorFailingURLStringKey=<*>, NSErrorFailingURLKey=<*>, _kCFStreamErrorDomainKey=<*>, _kCFStreamErrorCodeKey=<*>, NSLocalizedDescription=<*> server with the specified hostname could not be found.}",5
[QL] No sandbox token for thumbnail request <*> it will probably fail,[QL] No sandbox token for thumbnail <*> it will probably fail,[QL] No sandbox token for thumbnail <*> it will probably fail,5
Watch set is now: {(,Watch set is now: {(,Watch set is now: {(,5
<INFO> RQD: UserInfoUploadHandler clean <*> records,<INFO> RQD: UserInfoUploadHandler clean <*> records,<INFO> RQD: UserInfoUploadHandler clean <*> records,5
Garcon is ready (<*> alive).,Garcon is ready (<*> alive).,Garcon is ready (<*> alive).,5
Garcon destroyed (<*> alive).,Garcon destroyed (<*> alive).,Garcon destroyed (<*> alive).,5
GVA warning: addNewReferenceEntry_MMCO mmcoFunc1 not found requested <*> curr = <*>,GVA warning: addNewReferenceEntry_MMCO mmcoFunc1 not found requested <*> curr = <*>,GVA warning: addNewReferenceEntry_MMCO mmcoFunc1 not found requested <*> curr = <*>,5
Connecting to Dropbox on '<*>',Connecting to Dropbox on '<*>',Connecting to Dropbox on '<*>',5
Connected to Dropbox on <*>.,Connected to Dropbox on '<*>'.,Connected to Dropbox on '<*>'.,5
<INFO> RQD: create user info for daily using,<INFO> RQD: create user info for daily using,<INFO> RQD: create user info for daily using,5
<INFO> RQD: UserInfoUploadHandler success finish request with <*> records,<INFO> RQD: UserInfoUploadHandler success finish request with <*> records,<INFO> RQD: UserInfoUploadHandler success finish request with <*> records,5
<INFO> RQD: Persist userinfo data with count <*>,<INFO> RQD: Persist userinfo data with count <*>,<INFO> RQD: Persist userinfo data with count <*>,5
Invalidating watch set.,Invalidating watch set.,Invalidating watch set.,5
<*>: <*> User Mode,en0: <*> User Mode,en0: <*> User Mode,5
<*> STOP,en0 STOP,en0 STOP,5
<*> START uid <*> gid <*>,en0 START uid <*> gid <*>,en0 START uid <*> gid <*>,5
-> DNSServiceQueryRecord <*> (PTR) PID[<*>](),-> DNSServiceQueryRecord <*>.in-addr.arpa. (PTR) PID[<*>](),-> DNSServiceQueryRecord <*>.in-addr.arpa. (PTR) PID[<*>](),5
vm_compressor_record_warmup (<*> - <*>),vm_compressor_record_warmup (<*> - <*>),vm_compressor_record_warmup (<*> - <*>),5
(Volume.Normal:<*>) volume:<*> ********** Bootstrapped Creating a default store:<*> SpotLoc:<*> SpotVerLoc:<*> occlude:<*> <*>,(Volume.Normal:<*>) volume:<*> ********** Bootstrapped Creating a default store:<*> SpotLoc:(null) SpotVerLoc:(null) occlude:<*> HD,(Volume.Normal:<*>) volume:<*> ********** Bootstrapped Creating a default store:<*> SpotLoc:(null) SpotVerLoc:(null) occlude:<*> HD,5
"wifi scan failed with error: Error Domain=<*> <*> ""(<*>)""","wifi scan failed with error: Error Domain=<*> Code=-<*> ""(null)""","wifi scan failed with error: Error Domain=<*> Code=-<*> ""(null)""",5
ImageIO: CGImageDestinationFinalize image destination does not have enough images,ImageIO: CGImageDestinationFinalize image destination does not have enough images,ImageIO: CGImageDestinationFinalize image destination does not have enough images,5
network changed: Proxy,network changed: Proxy,network changed: Proxy,5
hfs: unmount initiated on Recovery HD on device <*>,hfs: unmount initiated on Recovery HD on device disk0s3,hfs: unmount initiated on Recovery HD on device disk0s3,5
hfs: mounted Recovery HD on device <*>,hfs: mounted Recovery HD on device disk0s3,hfs: mounted Recovery HD on device disk0s3,5
Logging disabled completely for device:<*>: <*>,Logging disabled completely for device:<*>: <*> HD,Logging disabled completely for device:<*>: <*> HD,5
handle_will_sleep_auth_and_shield_windows: NULL shield_window (lock state: <*>),handle_will_sleep_auth_and_shield_windows: NULL shield_window (lock state: <*>),handle_will_sleep_auth_and_shield_windows: NULL shield_window (lock state: <*>),5
Captive: [CNInfoNetworkActive:<*>] <*>: SSID <*> making interface primary (cache indicates network not captive),Captive: [CNInfoNetworkActive:<*>] en0: SSID 'AirBears2' making interface primary (cache indicates network not captive),Captive: [CNInfoNetworkActive:<*>] en0: SSID 'AirBears2' making interface primary (cache indicates network not captive),4
Captive: <*>: Not probing <*> (cache indicates not captive),Captive: en0: Not probing 'AirBears2' (cache indicates not captive),Captive: en0: Not probing 'AirBears2' (cache indicates not captive),4
AppleCameraGetProperties: SetPropertyNotificationPort status=<*>,AppleCameraGetProperties: SetPropertyNotificationPort status=<*>,AppleCameraGetProperties: SetPropertyNotificationPort status=<*>,4
process <*> caught causing excessive wakeups. Observed wakeups rate (per sec): <*>; Maximum permitted wakeups rate (per sec): <*>; Observation period: <*> seconds; Task lifetime number of wakeups: <*>,process <*>] caught causing excessive wakeups. Observed wakeups rate (per sec): <*>; Maximum permitted wakeups rate (per sec): <*>; Observation period: <*> seconds; Task lifetime number of wakeups: <*>,process <*>] caught causing excessive wakeups. Observed wakeups rate (per sec): <*>; Maximum permitted wakeups rate (per sec): <*>; Observation period: <*> seconds; Task lifetime number of wakeups: <*>,4
[<*>] vtDecompressionDuctCreate signalled err=<*> (err) (Could not select and open decoder instance) at <*> line <*>,[<*>] vtDecompressionDuctCreate signalled err=-<*> (err) (Could not select and open decoder instance) at <*> line <*>,[<*>] vtDecompressionDuctCreate signalled err=-<*> (err) (Could not select and open decoder instance) at <*> line <*>,4
setsockopt - IP_ADD_MEMBERSHIP error <*> errno <*> (Can't assign requested address) group <*> on <*>,setsockopt - IP_ADD_MEMBERSHIP error -<*> errno <*> (Can't assign requested address) group <*> on <*>,setsockopt - IP_ADD_MEMBERSHIP error -<*> errno <*> (Can't assign requested address) group <*> on <*>,4
Invoking spindump for pid=<*> wakeups_rate=<*> duration=<*> because of excessive wakeups,Invoking spindump for pid=<*> wakeups_rate=<*> duration=<*> because of excessive wakeups,Invoking spindump for pid=<*> wakeups_rate=<*> duration=<*> because of excessive wakeups,4
setup(?:obsolete) failed rcode=<*>,setup(?:obsolete) failed rcode=<*>,setup(?:obsolete) failed rcode=<*>,4
[<*>] <<< CFByteFlume >>> fbf_TCPConnEventHandler: <*> tcp_connection succeeded in reconnection attempt. Network problem appears to be resolved.,[<*>] <<< CFByteFlume >>> fbf_TCPConnEventHandler: [<*>] tcp_connection succeeded in reconnection attempt. Network problem appears to be resolved.,[<*>] <<< CFByteFlume >>> fbf_TCPConnEventHandler: [<*>] tcp_connection succeeded in reconnection attempt. Network problem appears to be resolved.,4
<*> GoogleSoftwareUpdateAgent[<*>] [lvl=<*>] -[KSServerUpdateRequest(PrivateMethods) fetcher:failedWithError:] KSServerUpdateRequest fetch failed. (productID: <*>) [com.google.UpdateEngine.CoreErrorDomain:<*> - '<*>'] (The Internet connection appears to be offline. [NSURLErrorDomain:<*>]),<*> GoogleSoftwareUpdateAgent[<*>] [lvl=<*>] -[KSServerUpdateRequest(PrivateMethods) fetcher:failedWithError:] KSServerUpdateRequest fetch failed. (productID: <*>) [<*> - '<*>'] (The Internet connection appears to be offline. [NSURLErrorDomain:-<*>]),<*> GoogleSoftwareUpdateAgent[<*>] [lvl=<*>] -[KSServerUpdateRequest(PrivateMethods) fetcher:failedWithError:] KSServerUpdateRequest fetch failed. (productID: <*>) [<*> - '<*>'] (The Internet connection appears to be offline. [NSURLErrorDomain:-<*>]),4
<*> GoogleSoftwareUpdateAgent[<*>] [lvl=<*>] -[KSOutOfProcessFetcher(PrivateMethods) helperDidTerminate:] The Internet connection appears to be offline. [NSURLErrorDomain:-<*>] (The Internet connection appears to be offline. [kCFErrorDomainCFNetwork:-<*>]),<*> GoogleSoftwareUpdateAgent[<*>] [lvl=<*>] -[KSOutOfProcessFetcher(PrivateMethods) helperDidTerminate:] The Internet connection appears to be offline. [NSURLErrorDomain:-<*>] (The Internet connection appears to be offline. [kCFErrorDomainCFNetwork:-<*>]),<*> GoogleSoftwareUpdateAgent[<*>] [lvl=<*>] -[KSOutOfProcessFetcher(PrivateMethods) helperDidTerminate:] The Internet connection appears to be offline. [NSURLErrorDomain:-<*>] (The Internet connection appears to be offline. [kCFErrorDomainCFNetwork:-<*>]),4
.sdef warning for attribute <*> of class <*> in suite <*>: <*> is not a valid type name.,.sdef warning for <*> of <*> '<*> Suite': <*> is not a valid type name.,.sdef warning for <*> of <*> '<*> Suite': <*> is not a valid type name.,4
-[NETAWDManager reportStats:metricID:] AWDServerConnection newMetricContainerWithIdentifier failed for metric <*> server <*> not reporting:,-[NETAWDManager reportStats:metricID:] AWDServerConnection newMetricContainerWithIdentifier failed for metric <*> server <*> not reporting:,-[NETAWDManager reportStats:metricID:] AWDServerConnection newMetricContainerWithIdentifier failed for metric <*> server <*> not reporting:,4
"[<*>] <<< CFByteFlume >>> FigCFHTTPReadResponse: [<*>] New network problem detected, error =<*> Error Domain=<*> Code=<*> <*> UserInfo={NSErrorFailingURLStringKey=<*>, NSErrorFailingURLKey=<*>, _kCFStreamErrorCodeKey=<*>, _kCFStreamErrorDomainKey=<*>, NSLocalizedDescription=<*>}","[<*>] <<< CFByteFlume >>> FigCFHTTPReadResponse: [<*>] New network problem detected, error = <*> Domain=<*> Code=-<*> ""?????????????"" UserInfo={NSErrorFailingURLStringKey=<*>=&refer=<*>&Expires=<*>&ssig=<*>&KID=<*>,video, NSErrorFailingURLKey=<*>=&refer=<*>&Expires=<*>&ssig=<*>&KID=<*>,video, _kCFStreamErrorCodeKey=<*>, _kCFStreamErrorDomainKey=<*>, NSLocalizedDescription=?????????????}","[<*>] <<< CFByteFlume >>> FigCFHTTPReadResponse: [<*>] New network problem detected, error = <*> Domain=<*> Code=-<*> ""?????????????"" UserInfo={NSErrorFailingURLStringKey=<*>=&refer=<*>&Expires=<*>&ssig=<*>&KID=<*>,video, NSErrorFailingURLKey=<*>=&refer=<*>&Expires=<*>&ssig=<*>&KID=<*>,video, _kCFStreamErrorCodeKey=<*>, _kCFStreamErrorDomainKey=<*>, NSLocalizedDescription=?????????????}",4
-> DNSServiceGetAddrInfo <*> v4v6 <*> PID[<*>](),-> DNSServiceGetAddrInfo <*> v4v6 <*> PID[<*>](),-> DNSServiceGetAddrInfo <*> v4v6 <*> PID[<*>](),4
"<*> ksfetch[<*>] [lvl=<*>] -[FetchDelegate fetcher:failedWithError:] Fetcher generated error: Error Domain=<*> Code=<*> <*>"" UserInfo={NSUnderlyingError=<*> {Error Domain=<*> Code=<*> <*>"" UserInfo={NSErrorFailingURLStringKey=<*>, NSErrorFailingURLKey=<*>, _kCFStreamErrorCodeKey=<*>, _kCFStreamErrorDomainKey=<*>, NSLocalizedDescription=<*>}}, NSErrorFailingURLStringKey=<*>, NSErrorFailingURLKey=<*>, _kCFStreamErrorDomainKey=<*>, _kCFStreamErrorCodeKey=<*>, NSLocalizedDescription=<*>}","<*> ksfetch[<*>] [lvl=<*>] -[FetchDelegate fetcher:failedWithError:] Fetcher generated error: Error Domain=<*> Code=-<*> ""The Internet connection appears to be offline."" UserInfo={NSUnderlyingError=<*> {Error Domain=<*> Code=-<*> ""The Internet connection appears to be offline."" UserInfo={NSErrorFailingURLStringKey=<*>, NSErrorFailingURLKey=<*>, _kCFStreamErrorCodeKey=<*>, _kCFStreamErrorDomainKey=<*>, NSLocalizedDescription=<*> Internet connection appears to be offline.}}, NSErrorFailingURLStringKey=<*>, NSErrorFailingURLKey=<*>, _kCFStreamErrorDomainKey=<*>, _kCFStreamErrorCodeKey=<*>, NSLocalizedDescription=<*> Internet connection appears to be offline.}","<*> ksfetch[<*>] [lvl=<*>] -[FetchDelegate fetcher:failedWithError:] Fetcher generated error: Error Domain=<*> Code=-<*> ""The Internet connection appears to be offline."" UserInfo={NSUnderlyingError=<*> {Error Domain=<*> Code=-<*> ""The Internet connection appears to be offline."" UserInfo={NSErrorFailingURLStringKey=<*>, NSErrorFailingURLKey=<*>, _kCFStreamErrorCodeKey=<*>, _kCFStreamErrorDomainKey=<*>, NSLocalizedDescription=<*> Internet connection appears to be offline.}}, NSErrorFailingURLStringKey=<*>, NSErrorFailingURLKey=<*>, _kCFStreamErrorDomainKey=<*>, _kCFStreamErrorCodeKey=<*>, NSLocalizedDescription=<*> Internet connection appears to be offline.}",4
Saved wakeups_resource.diag report for <*> version <*> (<*>) to <*>,Saved wakeups_resource.diag report for <*> version <*> (<*>) to <*>,Saved wakeups_resource.diag report for <*> version <*> (<*>) to <*>,4
"[<*>] HTTPRequest figHttpRequestDidFailCallback: Network error: domain=<*>, code=<*>, Error Domain=<*> Code=<*> <*> UserInfo={NSErrorFailingURLStringKey=<*>, NSErrorFailingURLKey=<*>, _kCFStreamErrorCodeKey=<*>, _kCFStreamErrorDomainKey=<*>, NSLocalizedDescription=<*>} for <*>","[<*>] HTTPRequest figHttpRequestDidFailCallback: Network error: domain=<*>, code=-<*>, Error Domain=<*> Code=-<*> ""?????????????"" UserInfo={NSErrorFailingURLStringKey=<*>=&refer=<*>&Expires=<*>&ssig=<*>&KID=<*>,video, NSErrorFailingURLKey=<*>=&refer=<*>&Expires=<*>&ssig=<*>&KID=<*>,video, _kCFStreamErrorCodeKey=<*>, _kCFStreamErrorDomainKey=<*>, NSLocalizedDescription=?????????????} for http:<*>=&refer=<*>&Expires=<*>&ssig=<*>&KID=<*>,video","[<*>] HTTPRequest figHttpRequestDidFailCallback: Network error: domain=<*>, code=-<*>, Error Domain=<*> Code=-<*> ""?????????????"" UserInfo={NSErrorFailingURLStringKey=<*>=&refer=<*>&Expires=<*>&ssig=<*>&KID=<*>,video, NSErrorFailingURLKey=<*>=&refer=<*>&Expires=<*>&ssig=<*>&KID=<*>,video, _kCFStreamErrorCodeKey=<*>, _kCFStreamErrorDomainKey=<*>, NSLocalizedDescription=?????????????} for http:<*>=&refer=<*>&Expires=<*>&ssig=<*>&KID=<*>,video",4
[<*>] <<<< FigPlayerSurrogate >>>> surrogatePlayer_respondToLoadingOfItemAssetTypeInternal: Avoiding unexpected additional FigPlayerAddToPlayQueue!,[<*>] <<<< FigPlayerSurrogate >>>> surrogatePlayer_respondToLoadingOfItemAssetTypeInternal: Avoiding unexpected additional FigPlayerAddToPlayQueue!,[<*>] <<<< FigPlayerSurrogate >>>> surrogatePlayer_respondToLoadingOfItemAssetTypeInternal: Avoiding unexpected additional FigPlayerAddToPlayQueue!,4
network changed,network changed,network changed,4
Could not signal service <*>: <*>: Could not find specified service,Could not signal service <*>: <*>: Could not find specified service,Could not signal service <*>: <*>: Could not find specified service,4
Could not find access page in directory <*>,Could not find access page in directory <*>,Could not find access page in directory <*>,4
"int32_t CFPasteboardSetData(CFPasteboardRef, CFIndex, CFIndex, CFStringRef, CFDataRef, CFOptionFlags) : Lock timeout","int32_t CFPasteboardSetData(CFPasteboardRef, CFIndex, CFIndex, CFStringRef, CFDataRef, CFOptionFlags) : Lock timeout","int32_t CFPasteboardSetData(CFPasteboardRef, CFIndex, CFIndex, CFStringRef, CFDataRef, CFOptionFlags) : Lock timeout",4
[<*>] [Account <*> timed out when executing operation: <CalDAVAccountRefreshQueueableOperation: <*> Sequence: <*>],[<*>] [Account xpc_ben@<*>@https:<*> timed out when executing operation: <CalDAVAccountRefreshQueueableOperation: <*>; Sequence: <*>],[<*>] [Account xpc_ben@<*>@https:<*> timed out when executing operation: <CalDAVAccountRefreshQueueableOperation: <*>; Sequence: <*>],4
Finder(<*>) System Policy: deny file-write-create <*>,Finder(<*>) System Policy: deny file-write-create <*>,Finder(<*>) System Policy: deny file-write-create <*>,4
*** Break on _NSLockError() to debug.,*** Break on _NSLockError() to debug.,*** Break on _NSLockError() to debug.,3
[<*>] <<< CFByteFlume >>> FigCFHTTPCopyBandwidthInfo: <*> dead connection? returning <*> for bandwidth and clearing history,[<*>] <<< CFByteFlume >>> FigCFHTTPCopyBandwidthInfo: [<*>] <*> connection? returning <*> for bandwidth and clearing history,[<*>] <<< CFByteFlume >>> FigCFHTTPCopyBandwidthInfo: [<*>] <*> connection? returning <*> for bandwidth and clearing history,3
[<*>] CMSampleBufferCallForEachSample signalled err=<*> (<*>) ([aborting loop early due to error from callback]) at <*> line <*>,[<*>] CMSampleBufferCallForEachSample signalled err=<*> (err) ([aborting loop early due to error from callback]) at <*> line <*>,[<*>] CMSampleBufferCallForEachSample signalled err=<*> (err) ([aborting loop early due to error from callback]) at <*> line <*>,3
"<*> [LogMessageLogging]: [<*>] - Request to send LogMessages of count (<*>) failed with Error: Error Domain=<*> Code=-<*> <*> UserInfo={NSUnderlyingError=<*> {Error Domain=<*> Code=<*> <*> UserInfo={NSErrorFailingURLStringKey=<*>, NSErrorFailingURLKey=<*>, _kCFStreamErrorCodeKey=<*>, _kCFStreamErrorDomainKey=<*>, NSLocalizedDescription=<*>}}, NSErrorFailingURLStringKey=<*>, NSErrorFailingURLKey=<*>, _kCFStreamErrorDomainKey=<*>, _kCFStreamErrorCodeKey=<*>, NSLocalizedDescription=<*>}","<*>, <*> [LogMessageLogging]: [aid-types_14000] - Request to send LogMessages of count (<*>) failed with Error: Error Domain=<*> Code=-<*> ""The Internet connection appears to be offline."" UserInfo={NSUnderlyingError=<*> {Error Domain=<*> Code=-<*> ""The Internet connection appears to be offline."" UserInfo={NSErrorFailingURLStringKey=<*>, NSErrorFailingURLKey=<*>, _kCFStreamErrorCodeKey=<*>, _kCFStreamErrorDomainKey=<*>, NSLocalizedDescription=<*> Internet connection appears to be offline.}}, NSErrorFailingURLStringKey=<*>, NSErrorFailingURLKey=<*>, _kCFStreamErrorDomainKey=<*>, _kCFStreamErrorCodeKey=<*>, NSLocalizedDescription=<*> Internet connection appears to be offline.}","<*>, <*> [LogMessageLogging]: [aid-types_14000] - Request to send LogMessages of count (<*>) failed with Error: Error Domain=<*> Code=-<*> ""The Internet connection appears to be offline."" UserInfo={NSUnderlyingError=<*> {Error Domain=<*> Code=-<*> ""The Internet connection appears to be offline."" UserInfo={NSErrorFailingURLStringKey=<*>, NSErrorFailingURLKey=<*>, _kCFStreamErrorCodeKey=<*>, _kCFStreamErrorDomainKey=<*>, NSLocalizedDescription=<*> Internet connection appears to be offline.}}, NSErrorFailingURLStringKey=<*>, NSErrorFailingURLKey=<*>, _kCFStreamErrorDomainKey=<*>, _kCFStreamErrorCodeKey=<*>, NSLocalizedDescription=<*> Internet connection appears to be offline.}",3
.sdef warning for argument <*> of command <*> in suite <*>: <*> is not a valid type name.,.sdef warning for argument '' of command <*> in suite '<*> Suite': <*> is not a valid type name.,.sdef warning for argument <*> of command <*> is not a valid type name.,3
*** -[NSRecursiveLock unlock]: lock <*> unlocked when not locked,*** -[NSRecursiveLock unlock]: lock (<NSRecursiveLock: <*> '<*>') unlocked when not locked,*** -[NSRecursiveLock unlock]: lock (<NSRecursiveLock: <*> '<*>') unlocked when not locked,3
"PBRequester failed with Error Error Domain=<*> Code=<*> <*>"" <*> {Error Domain=<*> Code=<*> <*>"" <*> _kCFStreamErrorCodeKey=<*>, _kCFStreamErrorDomainKey=<*>, NSLocalizedDescription=<*>}}, <*> _kCFStreamErrorDomainKey=<*>, _kCFStreamErrorCodeKey=<*>, NSLocalizedDescription=<*>}","PBRequester failed with Error Error Domain=<*> Code=-<*> ""A server with the specified hostname could not be found."" UserInfo={NSUnderlyingError=<*> {Error Domain=<*> Code=-<*> ""A server with the specified hostname could not be found."" UserInfo={NSErrorFailingURLStringKey=<*>, NSErrorFailingURLKey=<*>, _kCFStreamErrorCodeKey=<*>, _kCFStreamErrorDomainKey=<*>, NSLocalizedDescription=<*> server with the specified hostname could not be found.}}, NSErrorFailingURLStringKey=<*>, NSErrorFailingURLKey=<*>, _kCFStreamErrorDomainKey=<*>, _kCFStreamErrorCodeKey=<*>, NSLocalizedDescription=<*> server with the specified hostname could not be found.}","PBRequester failed with Error Error Domain=<*> Code=-<*> ""A server with the specified hostname could not be found."" UserInfo={NSUnderlyingError=<*> {Error Domain=<*> Code=-<*> ""A server with the specified hostname could not be found."" UserInfo={NSErrorFailingURLStringKey=<*>, NSErrorFailingURLKey=<*>, _kCFStreamErrorCodeKey=<*>, _kCFStreamErrorDomainKey=<*>, NSLocalizedDescription=<*> server with the specified hostname could not be found.}}, NSErrorFailingURLStringKey=<*>, NSErrorFailingURLKey=<*>, _kCFStreamErrorDomainKey=<*>, _kCFStreamErrorCodeKey=<*>, NSLocalizedDescription=<*> server with the specified hostname could not be found.}",3
StopHardwareStream,StopHardwareStream,StopHardwareStream,3
"tcp_connection_get_statistics called with <*> connection, dumping backtrace:","tcp_connection_get_statistics called with null connection, dumping backtrace:","tcp_connection_get_statistics called with null connection, dumping backtrace:",3
"PBRequester failed with Error Error Domain=<*> Code=<*> <*>"" <*> {Error Domain=<*> Code=<*> <*>"" <*> _kCFStreamErrorCodeKey=<*>, _kCFStreamErrorDomainKey=<*>, NSLocalizedDescription=<*>}}, <*> _kCFStreamErrorDomainKey=<*>, _kCFStreamErrorCodeKey=<*>, NSLocalizedDescription=<*>}","PBRequester failed with Error Error Domain=<*> Code=-<*> ""The network connection was lost."" UserInfo={NSUnderlyingError=<*> {Error Domain=<*> Code=-<*> ""The network connection was lost."" UserInfo={NSErrorFailingURLStringKey=<*>, NSErrorFailingURLKey=<*>, _kCFStreamErrorCodeKey=<*>, _kCFStreamErrorDomainKey=<*>, NSLocalizedDescription=<*> network connection was lost.}}, NSErrorFailingURLStringKey=<*>, NSErrorFailingURLKey=<*>, _kCFStreamErrorDomainKey=<*>, _kCFStreamErrorCodeKey=<*>, NSLocalizedDescription=<*> network connection was lost.}","PBRequester failed with Error Error Domain=<*> Code=-<*> ""The network connection was lost."" UserInfo={NSUnderlyingError=<*> {Error Domain=<*> Code=-<*> ""The network connection was lost."" UserInfo={NSErrorFailingURLStringKey=<*>, NSErrorFailingURLKey=<*>, _kCFStreamErrorCodeKey=<*>, _kCFStreamErrorDomainKey=<*>, NSLocalizedDescription=<*> network connection was lost.}}, NSErrorFailingURLStringKey=<*>, NSErrorFailingURLKey=<*>, _kCFStreamErrorDomainKey=<*>, _kCFStreamErrorCodeKey=<*>, NSLocalizedDescription=<*> network connection was lost.}",3
Using ticket store: <KSPersistentTicketStore:<*> store=<KSKeyedPersistentStore:<*>,Using ticket store: <KSPersistentTicketStore:<*> store=<KSKeyedPersistentStore:<*>,Using ticket store: <KSPersistentTicketStore:<*> store=<KSKeyedPersistentStore:<*>,3
Performing context menu action,Performing context menu action,Performing context menu action,3
failed to copy buffer for AID: <*> PID: <*>,failed to copy buffer for AID: <*> PID: <*>,failed to copy buffer for AID: <*> PID: <*>,3
"[CardDAVPlugin-ERROR] -getPrincipalInfo:[_controller <*>] Error Domain=<*> Code=<*> <*> UserInfo={NSUnderlyingError=<*> {Error Domain=<*> Code=-<*> <*> UserInfo={NSErrorFailingURLStringKey=<*>, NSErrorFailingURLKey=<*>, _kCFStreamErrorCodeKey=<*>, _kCFStreamErrorDomainKey=<*>, NSLocalizedDescription=<*>}}, NSErrorFailingURLStringKey=<*>, NSErrorFailingURLKey=<*>, _kCFStreamErrorDomainKey=<*>, _kCFStreamErrorCodeKey=<*>, NSLocalizedDescription=<*>}","[CardDAVPlugin-ERROR] -getPrincipalInfo:[_controller supportsRequestCompressionAtURL:https://xpcben%40gmail.com@<*>%40gmail.com/] Error Domain=<*> Code=-<*> ""The network connection was lost."" UserInfo={NSUnderlyingError=<*> {Error Domain=<*> Code=-<*> ""The network connection was lost."" UserInfo={NSErrorFailingURLStringKey=<*>://xpcben%40gmail.com@<*>%40gmail.com/, NSErrorFailingURLKey=<*>://xpcben%40gmail.com@<*>%40gmail.com/, _kCFStreamErrorCodeKey=-<*>, _kCFStreamErrorDomainKey=<*>, NSLocalizedDescription=<*> network connection was lost.}}, NSErrorFailingURLStringKey=<*>://xpcben%40gmail.com@<*>%40gmail.com/, NSErrorFailingURLKey=<*>://xpcben%40gmail.com@<*>%40gmail.com/, _kCFStreamErrorDomainKey=<*>, _kCFStreamErrorCodeKey=-<*>, NSLocalizedDescription=<*> network connection was lost.}","[CardDAVPlugin-ERROR] -getPrincipalInfo:[_controller supportsRequestCompressionAtURL:https://xpcben%40gmail.com@<*>%40gmail.com/] Error Domain=<*> Code=-<*> ""The network connection was lost."" UserInfo={NSUnderlyingError=<*> {Error Domain=<*> Code=-<*> ""The network connection was lost."" UserInfo={NSErrorFailingURLStringKey=<*>://xpcben%40gmail.com@<*>%40gmail.com/, NSErrorFailingURLKey=<*>://xpcben%40gmail.com@<*>%40gmail.com/, _kCFStreamErrorCodeKey=-<*>, _kCFStreamErrorDomainKey=<*>, NSLocalizedDescription=<*> network connection was lost.}}, NSErrorFailingURLStringKey=<*>://xpcben%40gmail.com@<*>%40gmail.com/, NSErrorFailingURLKey=<*>://xpcben%40gmail.com@<*>%40gmail.com/, _kCFStreamErrorDomainKey=<*>, _kCFStreamErrorCodeKey=-<*>, NSLocalizedDescription=<*> network connection was lost.}",3
QLStephen: Could not determine attribtues of file <*>,QLStephen: Could not determine attribtues of file file:<*>,QLStephen: Could not determine attribtues of file file:<*>,3
ERROR | -[LWBuiltInScreenLockAuthLion <*> | Attempted to add an observer when already observing,ERROR | -[LWBuiltInScreenLockAuthLion askForPasswordBuiltIn:] | Attempted to add an observer when already observing,ERROR | -[LWBuiltInScreenLockAuthLion askForPasswordBuiltIn:] | Attempted to add an observer when already observing,3
"handle_will_sleep_auth_and_shield_windows: Ordering out authw <*>(<*>), shield <*>(<*>) (lock state: <*>)","handle_will_sleep_auth_and_shield_windows: Ordering out authw <*>), shield <*>) (lock state: <*>)","handle_will_sleep_auth_and_shield_windows: Ordering out authw <*>), shield <*>) (lock state: <*>)",3
AppleCamIn::power_off_hardware,AppleCamIn::power_off_hardware,AppleCamIn::power_off_hardware,3
[bootp_transmit.c:<*>] bootp_transmit(): bpf_write(<*>) failed: <*> (<*>),[bootp_transmit.c:<*>] bootp_transmit(): bpf_write(en0) failed: Network is down (<*>),[bootp_transmit.c:<*>] bootp_transmit(): bpf_write(en0) failed: Network is down (<*>),3
"[CardDAVPlugin-ERROR] -_handleAddsOrModifies:<*> Error Domain=<*> Code=<*> <*> UserInfo={NSUnderlyingError=<*> {Error Domain=<*> Code=<*> <*> UserInfo={NSErrorFailingURLStringKey=<*>, NSErrorFailingURLKey=<*>, _kCFStreamErrorCodeKey=<*>, _kCFStreamErrorDomainKey=<*>, NSLocalizedDescription=<*>}}, NSErrorFailingURLStringKey=<*>, NSErrorFailingURLKey=<*>, _kCFStreamErrorDomainKey=<*>, _kCFStreamErrorCodeKey=<*>, NSLocalizedDescription=<*>}","[CardDAVPlugin-ERROR] -_handleAddsOrModifies:https://xpc_ben%<*> Error Domain=<*> Code=-<*> ""The Internet connection appears to be offline."" UserInfo={NSUnderlyingError=<*> {Error Domain=<*> Code=-<*> ""The Internet connection appears to be offline."" UserInfo={NSErrorFailingURLStringKey=<*>://xpc_ben%<*>, NSErrorFailingURLKey=<*>://xpc_ben%<*>, _kCFStreamErrorCodeKey=<*>, _kCFStreamErrorDomainKey=<*>, NSLocalizedDescription=<*> Internet connection appears to be offline.}}, NSErrorFailingURLStringKey=<*>://xpc_ben%<*>, NSErrorFailingURLKey=<*>://xpc_ben%<*>, _kCFStreamErrorDomainKey=<*>, _kCFStreamErrorCodeKey=<*>, NSLocalizedDescription=<*> Internet connection appears to be offline.}","[CardDAVPlugin-ERROR] -_handleAddsOrModifies:https://xpc_ben%<*> Error Domain=<*> Code=-<*> ""The Internet connection appears to be offline."" UserInfo={NSUnderlyingError=<*> {Error Domain=<*> Code=-<*> ""The Internet connection appears to be offline."" UserInfo={NSErrorFailingURLStringKey=<*>://xpc_ben%<*>, NSErrorFailingURLKey=<*>://xpc_ben%<*>, _kCFStreamErrorCodeKey=<*>, _kCFStreamErrorDomainKey=<*>, NSLocalizedDescription=<*> Internet connection appears to be offline.}}, NSErrorFailingURLStringKey=<*>://xpc_ben%<*>, NSErrorFailingURLKey=<*>://xpc_ben%<*>, _kCFStreamErrorDomainKey=<*>, _kCFStreamErrorCodeKey=<*>, NSLocalizedDescription=<*> Internet connection appears to be offline.}",3
[<*>] [WARNING: CalDAVAccountRefreshQueueableOperation :: <*> refresh failed],[<*>] [WARNING: CalDAVAccountRefreshQueueableOperation :: inbox refresh failed],[<*>] [WARNING: CalDAVAccountRefreshQueueableOperation :: inbox refresh failed],3
<*>(<*>) deny ipc-posix-sem SandboxingDetectionTest,<*>) deny ipc-posix-sem SandboxingDetectionTest,<*>) deny ipc-posix-sem SandboxingDetectionTest,3
realpath() returned <*> for <*>,realpath() returned NULL for <*>,realpath() returned NULL for <*>,3
Service exited due to signal: Killed: <*>,Service exited due to signal: Killed: <*>,Service exited due to signal: Killed: <*>,3
Using your own bundle identifier as an NSUserDefaults suite name does not make sense and will not work. Break on _NSUserDefaults_Log_Nonsensical_Suites to find this,Using your own bundle identifier as an NSUserDefaults suite name does not make sense and will not work. Break on _NSUserDefaults_Log_Nonsensical_Suites to find this,Using your own bundle identifier as an NSUserDefaults suite name does not make sense and will not work. Break on _NSUserDefaults_Log_Nonsensical_Suites to find this,3
"CoreText: *** Unmapped <*> <CTFont: <*>{name = <*> size = <*> matrix = <*> descriptor = <CTFontDescriptor: <*>{attributes = <CFBasicHash <*> [<*>]>{type = <*> count = <*>,","CoreText: *** Unmapped ""\u1000\u1064\u102C"" <CTFont: <*>{name = <*>-Bold, size = <*> matrix = <*> descriptor = <CTFontDescriptor: <*>{attributes = <CFBasicHash <*> [<*>]>{type = <*> dict, count = <*>,","CoreText: *** Unmapped ""\u1000\u1064\u102C"" <CTFont: <*>{name = <*>-Bold, size = <*> matrix = <*> descriptor = <CTFontDescriptor: <*>{attributes = <CFBasicHash <*> [<*>]>{type = <*> dict, count = <*>,",3
CoreAnimation: failed to receive fence reply: <*>,CoreAnimation: failed to receive fence reply: <*>,CoreAnimation: failed to receive fence reply: <*>,3
"newHeight=<*>,oldHeight=<*>","newHeight=<*>,oldHeight=<*>","newHeight=<*>,oldHeight=<*>",2
[Warning] Broadcasting no devices for account IDSDAccount: <*> [Service: IDSDService: <*> [Identifier: <*> Display Name: <*> Topic: <*> Service: <*> Protocol: <*>] Login: <*> UniqueID: <*> Account Type: <*> Registration: <*> Registered: <*> Linked Accounts: <*>] even though we have some,[Warning] Broadcasting no devices for account IDSDAccount: <*> [Service: IDSDService: <*> [Identifier: <*> Display Name: ScreenSharing Topic: <*> Service: <*> Protocol: <*>] Login: <*> UniqueID: <*> Account Type: Apple ID Registration: (null) Registered: YES Linked Accounts: (null)] even though we have some,[Warning] Broadcasting no devices for account IDSDAccount: <*> [Service: IDSDService: <*> [Identifier: <*> Display Name: ScreenSharing Topic: <*> Service: <*> Protocol: <*>] Login: <*> UniqueID: <*> Account Type: Apple ID Registration: (null) Registered: YES Linked Accounts: (null)] even though we have some,2
"mDNSOffloadUserClient: GetKeepaliveData: tcp.info sysctl failed, err=<*>. <*> -> <*>","mDNSOffloadUserClient: GetKeepaliveData: tcp.info sysctl failed, err=<*>. <*> -> <*>","mDNSOffloadUserClient: GetKeepaliveData: tcp.info sysctl failed, err=<*>. <*> -> <*>",2
notice USBMuxBonjourDeviceListenerCreate: LOCKDOWN_V2_BONJOUR_SERVICE_NAME is <*>,"notice USBMuxBonjourDeviceListenerCreate: LOCKDOWN_V2_BONJOUR_SERVICE_NAME is _apple-mobdev2._tcp,<*>","notice USBMuxBonjourDeviceListenerCreate: LOCKDOWN_V2_BONJOUR_SERVICE_NAME is _apple-mobdev2._tcp,<*>",2
"[cps/setfront] Failed setting the front application to loginwindow, psn <*> securitySessionID=<*>, err=<*>","[<*>] Failed setting the front application to loginwindow, psn <*> securitySessionID=<*>, err=-<*>","[<*>] Failed setting the front application to loginwindow, psn <*> securitySessionID=<*>, err=-<*>",2
"tcp_connection_destination_write_setup_notsent_lowat <*> disabling low latency, setsockopt TCP_NOTSENT_LOWAT to <*> on fd <*> failed: [<*>] Invalid argument, dumping backtrace:","tcp_connection_destination_write_setup_notsent_lowat <*> disabling low latency, setsockopt TCP_NOTSENT_LOWAT to <*> on fd <*> failed: [<*>] Invalid argument, dumping backtrace:","tcp_connection_destination_write_setup_notsent_lowat <*> disabling low latency, setsockopt TCP_NOTSENT_LOWAT to <*> on fd <*> failed: [<*>] Invalid argument, dumping backtrace:",2
schedule invalidation <DYTransport <*> error: lost transport connection (<*>)>,schedule invalidation <DYTransport <*> error: lost transport connection (<*>)>,schedule invalidation <DYTransport <*> error: lost transport connection (<*>)>,2
network changed: <*> DNS+ Proxy+ SMB,network changed: v4(en0!:<*>) v6(en0!:<*>) DNS+ Proxy+ SMB,network changed: v4(en0!:<*>) v6(en0!:<*>) DNS+ Proxy+ SMB,2
"LSCopyApplicationURLsForBundleIdentifier error:Error Domain=<*> Code=<*> ""kLSApplicationNotFoundErr: <*>""","LSCopyApplicationURLsForBundleIdentifier error:Error Domain=<*> Code=-<*> ""kLSApplicationNotFoundErr: E.g. no application claims the file""","LSCopyApplicationURLsForBundleIdentifier error:Error Domain=<*> Code=-<*> ""kLSApplicationNotFoundErr: E.g. no application claims the file""",2
Failed to obtain sandbox extension for path=<*>. Errno:<*>,Failed to obtain sandbox extension for path=<*>. Errno:<*>,Failed to obtain sandbox extension for path=<*>. Errno:<*>,2
Unknown class <*> in Interface Builder file.,Unknown class GPUTesselationSliderCell in Interface Builder file.,Unknown class GPUTesselationSliderCell in Interface Builder file.,2
Unknown class <*> in Interface Builder file at path <*>.,Unknown class DocsUINewTemplateItemBox in Interface Builder file at path <*>,Unknown class DocsUINewTemplateItemBox in Interface Builder file at path <*>,2
Uncommited CATransaction. Set CA_DEBUG_TRANSACTIONS=<*> in environment to debug.,Uncommited CATransaction. Set CA_DEBUG_TRANSACTIONS=<*> in environment to debug.,Uncommited CATransaction. Set CA_DEBUG_TRANSACTIONS=<*> in environment to debug.,2
<*> GoogleSoftwareUpdateAgent[<*>] [lvl=<*>] -[KSUpdateCheckAction(KSServerUpdateRequestDelegate) startFallBackForRequest:] KSUpdateCheckAction running fallback KSServerUpdateRequest: <KSOmahaServerUpdateRequest:<*>,<*> GoogleSoftwareUpdateAgent[<*>] [lvl=<*>] -[KSUpdateCheckAction(KSServerUpdateRequestDelegate) startFallBackForRequest:] KSUpdateCheckAction running fallback KSServerUpdateRequest: <KSOmahaServerUpdateRequest:<*>,<*> GoogleSoftwareUpdateAgent[<*>] [lvl=<*>] -[KSUpdateCheckAction(KSServerUpdateRequestDelegate) startFallBackForRequest:] KSUpdateCheckAction running fallback KSServerUpdateRequest: <KSOmahaServerUpdateRequest:<*>,2
Skipping STATUS for <*> because CHECK failed with error: (<*>),Skipping STATUS for [Gmail]/Drafts because CHECK failed with error: (null),Skipping STATUS for [Gmail]/Drafts because CHECK failed with error: (null),2
"<*> [LogMessageLogging]: [<*>] - Request to send LogMessages of count (<*>) failed with Error: Error Domain=<*> Code=-<*> <*> UserInfo={NSUnderlyingError=<*> {Error Domain=<*> Code=<*> <*> UserInfo={NSErrorFailingURLStringKey=<*>, NSErrorFailingURLKey=<*>, _kCFStreamErrorCodeKey=<*>, _kCFStreamErrorDomainKey=<*>, NSLocalizedDescription=<*>}}, NSErrorFailingURLStringKey=<*>, NSErrorFailingURLKey=<*>, _kCFStreamErrorDomainKey=<*>, _kCFStreamErrorCodeKey=<*>, NSLocalizedDescription=<*>}","<*>, <*> [LogMessageLogging]: [aid-types_12000] - Request to send LogMessages of count (<*>) failed with Error: Error Domain=<*> Code=-<*> ""The Internet connection appears to be offline."" UserInfo={NSUnderlyingError=<*> {Error Domain=<*> Code=-<*> ""The Internet connection appears to be offline."" UserInfo={NSErrorFailingURLStringKey=<*>, NSErrorFailingURLKey=<*>, _kCFStreamErrorCodeKey=<*>, _kCFStreamErrorDomainKey=<*>, NSLocalizedDescription=<*> Internet connection appears to be offline.}}, NSErrorFailingURLStringKey=<*>, NSErrorFailingURLKey=<*>, _kCFStreamErrorDomainKey=<*>, _kCFStreamErrorCodeKey=<*>, NSLocalizedDescription=<*> Internet connection appears to be offline.}","<*>, <*> [LogMessageLogging]: [aid-types_12000] - Request to send LogMessages of count (<*>) failed with Error: Error Domain=<*> Code=-<*> ""The Internet connection appears to be offline."" UserInfo={NSUnderlyingError=<*> {Error Domain=<*> Code=-<*> ""The Internet connection appears to be offline."" UserInfo={NSErrorFailingURLStringKey=<*>, NSErrorFailingURLKey=<*>, _kCFStreamErrorCodeKey=<*>, _kCFStreamErrorDomainKey=<*>, NSLocalizedDescription=<*> Internet connection appears to be offline.}}, NSErrorFailingURLStringKey=<*>, NSErrorFailingURLKey=<*>, _kCFStreamErrorDomainKey=<*>, _kCFStreamErrorCodeKey=<*>, NSLocalizedDescription=<*> Internet connection appears to be offline.}",2
"DHCP <*>: ARP detect <*> failed, arp_client_transmit(<*>) failed, Network is down (<*>)","DHCP en0: ARP detect ROUTER failed, arp_client_transmit(en0) failed, Network is down (<*>)","DHCP en0: ARP detect ROUTER failed, arp_client_transmit(en0) failed, Network is down (<*>)",2
Sandbox: QuickLookSatelli(<*>) deny(<*>) file-issue-extension <*>,Sandbox: QuickLookSatelli(<*>) deny(<*>) file-issue-extension <*>,Sandbox: QuickLookSatelli(<*>) deny(<*>) file-issue-extension <*>,2
"<*>: possible hardware address duplication detected, disabling IPv6 for interface.","en0: possible hardware address duplication detected, disabling IPv6 for interface.","en0: possible hardware address duplication detected, disabling IPv6 for interface.",2
SIO_CRABS siocrabsFinishUnlocked: abandoned stream; cancelling remaining requests,SIO_CRABS siocrabsFinishUnlocked: abandoned stream; cancelling remaining requests,SIO_CRABS siocrabsFinishUnlocked: abandoned stream; cancelling remaining requests,2
ARPT: <*>: <*>: <*> failed,ARPT: <*>: wl0: wl_update_tcpkeep_seq: mDNSOffloadUserClient::GetKeepaliveData failed,ARPT: <*>: wl0: wl_update_tcpkeep_seq: mDNSOffloadUserClient::GetKeepaliveData failed,2
Removing excessive log: <*>,Removing excessive log: file:<*>,Removing excessive log: file:<*>,2
ARPT: <*>: AWDL Sync Enabled <*> data path state[<*>],ARPT: <*>: AWDL Sync Enabled <*> data path state[<*>],ARPT: <*>: AWDL Sync Enabled <*> data path state[<*>],2
NSAllowAppKitWeakReferences=<*>,NSAllowAppKitWeakReferences=<*>,NSAllowAppKitWeakReferences=<*>,2
Mac Agent inited !!!,Mac Agent inited !!!,Mac Agent inited !!!,2
ApplePersistenceIgnoreState: Existing state will not be touched. New state will be written to <*>,ApplePersistenceIgnoreState: Existing state will not be touched. New state will be written to <*>,ApplePersistenceIgnoreState: Existing state will not be touched. New state will be written to <*>,2
"Application App:<*> asn:<*> pid:<*> refs=<*> @ <*> tried to be brought forward, but isn't in fPermittedFrontApps ( ( ""<*>"")), so denying. : LASSession.cp <*> SetFrontApplication() q=LSSession <*> queue","Application App:""loginwindow"" asn:<*> pid:<*> refs=<*> @ <*> tried to be brought forward, but isn't in fPermittedFrontApps ( ( ""LSApplication:<*> pid=<*> ""ScreenSaverEngine"""")), so denying. : LASSession.cp <*> SetFrontApplication() q=<*> queue","Application App:""loginwindow"" asn:<*> pid:<*> refs=<*> @ <*> tried to be brought forward, but isn't in fPermittedFrontApps ( ( ""LSApplication:<*> pid=<*> ""ScreenSaverEngine"""")), so denying. : LASSession.cp <*> SetFrontApplication() q=<*> queue",2
"Arranged view frame: {{<*>, <*>}, {<*>, <*>}}","Arranged view frame: {{<*>, <*>}, {<*>, <*>}}","Arranged view frame: {{<*>, <*>}, {<*>, <*>}}",2
"BUG in libdispatch client: kevent[EVFILT_MEMORYSTATUS] add: ""Operation not supported"" - <*>","BUG in libdispatch client: kevent[EVFILT_MEMORYSTATUS] add: ""Operation not supported"" - <*>","BUG in libdispatch client: kevent[EVFILT_MEMORYSTATUS] add: ""Operation not supported"" - <*>",2
GVA warning: addNewReferenceEntry_MMCO force release <*>,GVA warning: addNewReferenceEntry_MMCO force release -<*>,GVA warning: addNewReferenceEntry_MMCO force release -<*>,2
Extension remained dirty for too long after trying to exit. Killing.,Extension remained dirty for too long after trying to exit. Killing.,Extension remained dirty for too long after trying to exit. Killing.,2
CoreAnimation: failed to send fence reply: <*>,CoreAnimation: failed to send fence reply: <*>,CoreAnimation: failed to send fence reply: <*>,2
DHCP <*>: INIT-REBOOT transmit failed,DHCP en0: INIT-REBOOT transmit failed,DHCP en0: INIT-REBOOT transmit failed,2
DEAD_PROCESS: <*>,DEAD_PROCESS: <*> ttys000,DEAD_PROCESS: <*> ttys000,2
Unknown class <*> in Interface Builder file at path <*>.,Unknown class FRToolbar in Interface Builder file at path <*>,Unknown class FRToolbar in Interface Builder file at path <*>,2
"DHCP <*>: ARP detect <*> failed, arp_client_transmit(<*>) failed, Network is down (<*>)","DHCP en0: ARP detect gateway failed, arp_client_transmit(en0) failed, Network is down (<*>)","DHCP en0: ARP detect gateway failed, arp_client_transmit(en0) failed, Network is down (<*>)",2
-[PVTextSearchIndexManager indexForContainer:forSearchBasis:]: elapsed time = <*>,-[PVTextSearchIndexManager indexForContainer:forSearchBasis:]: elapsed time = <*>,-[PVTextSearchIndexManager indexForContainer:forSearchBasis:]: elapsed time = <*>,2
-[PushServiceStoreDispatch getEnabledMediaTypesWithReply:],-[PushServiceStoreDispatch getEnabledMediaTypesWithReply:],-[PushServiceStoreDispatch getEnabledMediaTypesWithReply:],2
[<*>] <<<< AVCaptureHALDevice >>>> -[AVCaptureHALDevice _removePropertyListeners]: Removing data source observer for device <AVCaptureHALDevice: <*> [VPAUAggregateAudioDevice-<*>][VPAUAggregateAudioDevice-<*>]> failed (<*>),[<*>] <<<< AVCaptureHALDevice >>>> -[AVCaptureHALDevice _removePropertyListeners]: Removing data source observer for device <AVCaptureHALDevice: <*> [VPAUAggregateAudioDevice-<*>][VPAUAggregateAudioDevice-<*>]> failed (<*>),[<*>] <<<< AVCaptureHALDevice >>>> -[AVCaptureHALDevice _removePropertyListeners]: Removing data source observer for device <AVCaptureHALDevice: <*> [VPAUAggregateAudioDevice-<*>][VPAUAggregateAudioDevice-<*>]> failed (<*>),2
"[<*>] <<< FFR_Common >>> FigFormatReaderCreateForStreamReturningMatchingContainerLabelType: *** Could not find format reader for URL <*> path <*> extension <*> FileType '' MIMETYPE ""(<*>)"" SuggFileName ""(<*>)"" SuggNameExtension ""(<*>)""","[<*>] <<< FFR_Common >>> FigFormatReaderCreateForStreamReturningMatchingContainerLabelType: *** Could not find format reader for URL ""file:<*>"" path <*> extension ""swf"" FileType '' MIMETYPE ""(null)"" SuggFileName ""(null)"" SuggNameExtension ""(null)""","[<*>] <<< FFR_Common >>> FigFormatReaderCreateForStreamReturningMatchingContainerLabelType: *** Could not find format reader for URL ""file:<*>"" path <*> extension ""swf"" FileType '' MIMETYPE ""(null)"" SuggFileName ""(null)"" SuggNameExtension ""(null)""",2
[<*>] HTTPRequest figHttpRequestDidReceiveResponseCallback: received http response <*> (error <*>) for <*>,"[<*>] HTTPRequest figHttpRequestDidReceiveResponseCallback: received http response <*> (error -<*>) for https:<*>&itag=<*>&source=<*>&requiressl=<*>&ttl=<*>&mm=<*>&mn=<*>-n4v7sn7l&ms=<*>&mv=<*>&pl=<*>&ei=<*>&driveid=<*>-fC9jxSRZZwrozP28F1J5SDg&mime=<*>&lmt=<*>&mt=<*>&ip=<*>&ipbits=<*>&expire=<*>&cp=<*>&sparams=<*>,ipbits,expire,id,itag,source,requiressl,ttl,mm,mn,ms,mv,pl,ei,driveid,mime,lmt,cp&signature=<*>&key=<*>&app=<*>&cpn=<*>-rwrYSf&c=<*>&cver=<*>","[<*>] HTTPRequest figHttpRequestDidReceiveResponseCallback: received http response <*> (error -<*>) for https:<*>&itag=<*>&source=<*>&requiressl=<*>&ttl=<*>&mm=<*>&mn=<*>-n4v7sn7l&ms=<*>&mv=<*>&pl=<*>&ei=<*>&driveid=<*>-fC9jxSRZZwrozP28F1J5SDg&mime=<*>&lmt=<*>&mt=<*>&ip=<*>&ipbits=<*>&expire=<*>&cp=<*>&sparams=<*>,ipbits,expire,id,itag,source,requiressl,ttl,mm,mn,ms,mv,pl,ei,driveid,mime,lmt,cp&signature=<*>&key=<*>&app=<*>&cpn=<*>-rwrYSf&c=<*>&cver=<*>",2
-[MMCoreTextView(Drawing) batchDrawData:]@<*>: Conversion error: some text may not be rendered,-[MMCoreTextView(Drawing) batchDrawData:]@<*>: Conversion error: some text may not be rendered,-[MMCoreTextView(Drawing) batchDrawData:]@<*>: Conversion error: some text may not be rendered,2
[<*>] <<<< CRABS >>>> crabsDoJump: [<*>] thread <*> crabsMoveFirehose failed for block <*>,[<*>] <<<< CRABS >>>> crabsDoJump: [<*>] thread <*> crabsMoveFirehose failed for block <*>,[<*>] <<<< CRABS >>>> crabsDoJump: [<*>] thread <*> crabsMoveFirehose failed for block <*>,2
[<*>] <<<< AVCaptureHALDevice >>>> -[AVCaptureHALDevice _removePropertyListeners]: Removing alive observer for device <AVCaptureHALDevice: <*> [VPAUAggregateAudioDevice-<*>][VPAUAggregateAudioDevice-<*>]> failed (<*>),[<*>] <<<< AVCaptureHALDevice >>>> -[AVCaptureHALDevice _removePropertyListeners]: Removing alive observer for device <AVCaptureHALDevice: <*> [VPAUAggregateAudioDevice-<*>][VPAUAggregateAudioDevice-<*>]> failed (<*>),[<*>] <<<< AVCaptureHALDevice >>>> -[AVCaptureHALDevice _removePropertyListeners]: Removing alive observer for device <AVCaptureHALDevice: <*> [VPAUAggregateAudioDevice-<*>][VPAUAggregateAudioDevice-<*>]> failed (<*>),2
[<*>] HTTPRequest figHTTPDumpFinalURLAndRemoteAddress: address <*> final url <*>,"[<*>] HTTPRequest figHTTPDumpFinalURLAndRemoteAddress: address <*>::<*> final url https:<*>&itag=<*>&source=<*>&requiressl=<*>&ttl=<*>&mm=<*>&mn=<*>-n4v7sn7l&ms=<*>&mv=<*>&pl=<*>&ei=<*>&driveid=<*>-fC9jxSRZZwrozP28F1J5SDg&mime=<*>&lmt=<*>&mt=<*>&ip=<*>&ipbits=<*>&expire=<*>&cp=<*>&sparams=<*>,ipbits,expire,id,itag,source,requiressl,ttl,mm,mn,ms,mv,pl,ei,driveid,mime,lmt,cp&signature=<*>&key=<*>&app=<*>&cpn=<*>-rwrYSf&c=<*>&cver=<*>","[<*>] HTTPRequest figHTTPDumpFinalURLAndRemoteAddress: address <*>::<*> final url https:<*>&itag=<*>&source=<*>&requiressl=<*>&ttl=<*>&mm=<*>&mn=<*>-n4v7sn7l&ms=<*>&mv=<*>&pl=<*>&ei=<*>&driveid=<*>-fC9jxSRZZwrozP28F1J5SDg&mime=<*>&lmt=<*>&mt=<*>&ip=<*>&ipbits=<*>&expire=<*>&cp=<*>&sparams=<*>,ipbits,expire,id,itag,source,requiressl,ttl,mm,mn,ms,mv,pl,ei,driveid,mime,lmt,cp&signature=<*>&key=<*>&app=<*>&cpn=<*>-rwrYSf&c=<*>&cver=<*>",2
[<*>] <<< CFByteFlume >>> fbf_ResumeRetryAttempt: <*> Reconnection attempt already in progress. Leave it alone. (Unexpected race condition?),[<*>] <<< CFByteFlume >>> fbf_ResumeRetryAttempt: [<*>] Reconnection attempt already in progress. Leave it alone. (Unexpected race condition?),[<*>] <<< CFByteFlume >>> fbf_ResumeRetryAttempt: [<*>] Reconnection attempt already in progress. Leave it alone. (Unexpected race condition?),2
"[CardDAVPlugin-ERROR] -_handleAddsOrModifies:<*> Error Domain=<*> Code=<*> <*> UserInfo={NSUnderlyingError=<*> {Error Domain=<*> Code=<*> <*> UserInfo={NSErrorFailingURLStringKey=<*>, NSErrorFailingURLKey=<*>, _kCFStreamErrorCodeKey=<*>, _kCFStreamErrorDomainKey=<*>, NSLocalizedDescription=<*>}}, NSErrorFailingURLStringKey=<*>, NSErrorFailingURLKey=<*>, _kCFStreamErrorDomainKey=<*>, _kCFStreamErrorCodeKey=<*>, NSLocalizedDescription=<*>}","[CardDAVPlugin-ERROR] -_handleAddsOrModifies:https://xpc_ben%<*> Error Domain=<*> Code=-<*> ""The request timed out."" UserInfo={NSUnderlyingError=<*> {Error Domain=<*> Code=-<*> ""The request timed out."" UserInfo={NSErrorFailingURLStringKey=<*>://xpc_ben%<*>, NSErrorFailingURLKey=<*>://xpc_ben%<*>, _kCFStreamErrorCodeKey=-<*>, _kCFStreamErrorDomainKey=<*>, NSLocalizedDescription=<*> request timed out.}}, NSErrorFailingURLStringKey=<*>://xpc_ben%<*>, NSErrorFailingURLKey=<*>://xpc_ben%<*>, _kCFStreamErrorDomainKey=<*>, _kCFStreamErrorCodeKey=-<*>, NSLocalizedDescription=<*> request timed out.}","[CardDAVPlugin-ERROR] -_handleAddsOrModifies:https://xpc_ben%<*> Error Domain=<*> Code=-<*> ""The request timed out."" UserInfo={NSUnderlyingError=<*> {Error Domain=<*> Code=-<*> ""The request timed out."" UserInfo={NSErrorFailingURLStringKey=<*>://xpc_ben%<*>, NSErrorFailingURLKey=<*>://xpc_ben%<*>, _kCFStreamErrorCodeKey=-<*>, _kCFStreamErrorDomainKey=<*>, NSLocalizedDescription=<*> request timed out.}}, NSErrorFailingURLStringKey=<*>://xpc_ben%<*>, NSErrorFailingURLKey=<*>://xpc_ben%<*>, _kCFStreamErrorDomainKey=<*>, _kCFStreamErrorCodeKey=-<*>, NSLocalizedDescription=<*> request timed out.}",2
network changed: DNS* <*>,network changed: DNS* Proxy-,network changed: DNS* Proxy-,1
Actually performing action comment for <*>,Actually performing action comment for <*>,Actually performing action comment for <*>,1
ARPT: <*>: Data written into the PLL_CNTRL_ADDR3 (Fractional): <*>,ARPT: <*>: Data written into the PLL_CNTRL_ADDR3 (Fractional): <*>,ARPT: <*>: Data written into the PLL_CNTRL_ADDR3 (Fractional): <*>,1
Attempted search for modules of unknown type (<*>),Attempted search for modules of unknown type (<*>),Attempted search for modules of unknown type (<*>),1
+[NSFileCoordinator addFilePresenter:] could not get a sandbox extension. primaryPresentedItemURL: <*> presentedItemURL: <*>,"+[NSFileCoordinator addFilePresenter:] could not get a sandbox extension. primaryPresentedItemURL: file:<*>, presentedItemURL: file:<*>","+[NSFileCoordinator addFilePresenter:] could not get a sandbox extension. primaryPresentedItemURL: file:<*>, presentedItemURL: file:<*>",1
-[NETPowerManager powerPolicyForTimeslot:workload:] failed to find policy for workload <*> timeslot <*> / <*>,-[NETPowerManager powerPolicyForTimeslot:workload:] failed to find policy for workload <*> timeslot <*> / <*>,-[NETPowerManager powerPolicyForTimeslot:workload:] failed to find policy for workload <*> timeslot <*> / <*>,1
<*> : Bonjour advertise <*> started,<*> : Bonjour advertise <*> started,<*> : Bonjour advertise <*> started,1
Caching encoded userInfo to use until we are marked dirty again (<*>),Caching encoded userInfo to use until we are marked dirty again (UAUserActivity.m #<*>),Caching encoded userInfo to use until we are marked dirty again (UAUserActivity.m #<*>),1
ARPT: <*>: Data written into the PLL_CNTRL_ADDR2: <*>,ARPT: <*>: Data written into the PLL_CNTRL_ADDR2: <*>,ARPT: <*>: Data written into the PLL_CNTRL_ADDR2: <*>,1
*** WebKit discarding exception: <*> *** -[__NSArrayM objectAtIndex:]: index <*> beyond bounds for empty array,*** WebKit discarding exception: <NSRangeException> *** -[__NSArrayM objectAtIndex:]: index <*> beyond bounds for empty array,*** WebKit discarding exception: <NSRangeException> *** -[__NSArrayM objectAtIndex:]: index <*> beyond bounds for empty array,1
network changed: <*>(<*>) DNS* Proxy SMB,network changed: <*>) <*> Proxy SMB,network changed: <*>) <*> Proxy SMB,1
"*** Assertion failure in +[LUTextAccessor rangeOfTermInString:containingOffset:language:partOfSpeech:], <*>","*** Assertion failure in +[LUTextAccessor rangeOfTermInString:containingOffset:language:partOfSpeech:], <*>","*** Assertion failure in +[LUTextAccessor rangeOfTermInString:containingOffset:language:partOfSpeech:], <*>",1
Call stack:,Call stack:,Call stack:,1
CoreAnimation: context hosting changed while locked!,CoreAnimation: context hosting changed while locked!,CoreAnimation: context hosting changed while locked!,1
*** -[AVAssetResourceLoadingRequest finishLoading] was sent to an instance of <*> that was already finished. Ignoring.,*** -[AVAssetResourceLoadingRequest finishLoading] was sent to an instance of AVAssetResourceLoadingRequest that was already finished. Ignoring.,*** -[AVAssetResourceLoadingRequest finishLoading] was sent to an instance of AVAssetResourceLoadingRequest that was already finished. Ignoring.,1
Could not get event name for <*>: <*>: <*>: Request for stale data,Could not get event name for <*>: <*>: <*>: Request for stale data,Could not get event name for <*>: <*>: <*>: Request for stale data,1
"(UID <*>) Found <*> plugin types, <*> plugins","(UID <*>) Found <*> plugin types, <*> plugins","(UID <*>) Found <*> plugin types, <*> plugins",1
Created ticket <KSTicket:<*>,Created ticket <KSTicket:<*>,Created ticket <KSTicket:<*>,1
Creating a new ticket...,Creating a new ticket...,Creating a new ticket...,1
network changed: <*>(<*>) DNS- Proxy SMB,network changed: <*>) <*> Proxy SMB,network changed: <*>) <*> Proxy SMB,1
ARPT: <*>: AirPort_Brcm43xx::syncPowerState: WWEN[<*>],ARPT: <*>: AirPort_Brcm43xx::syncPowerState: WWEN[disabled],ARPT: <*>: AirPort_Brcm43xx::syncPowerState: WWEN[disabled],1
"nw_path_evaluator_start_helper_connection net_helper_path_evaluation_start failed, dumping backtrace:","nw_path_evaluator_start_helper_connection net_helper_path_evaluation_start failed, dumping backtrace:","nw_path_evaluator_start_helper_connection net_helper_path_evaluation_start failed, dumping backtrace:",1
"ARPT: <*>: ChangeVCO => vco:<*>, xtalF:<*>, frac: <*> ndivMode: <*> ndivint: <*>","ARPT: <*>: ChangeVCO => vco:<*>, xtalF:<*>, frac: <*> ndivMode: <*> ndivint: <*>","ARPT: <*>: ChangeVCO => vco:<*>, xtalF:<*>, frac: <*> ndivMode: <*> ndivint: <*>",1
<*> : AirDrop server enabled on port <*>,<*> : AirDrop server enabled on port <*>,<*> : AirDrop server enabled on port <*>,1
<*> : AirDrop server disabled,<*> : AirDrop server disabled,<*> : AirDrop server disabled,1
"<*> [CountryConfiguration]: Could not determine current country code: Error Domain=<*> Code=<*> <*> UserInfo={NSUnderlyingError=<*> {Error Domain=<*> Code=<*> <*> UserInfo={NSErrorFailingURLStringKey=<*>, NSErrorFailingURLKey=<*>, _kCFStreamErrorCodeKey=<*>, _kCFStreamErrorDomainKey=<*>, NSLocalizedDescription=<*>}}, NSErrorFailingURLStringKey=<*>, NSErrorFailingURLKey=<*>, _kCFStreamErrorDomainKey=<*>, _kCFStreamErrorCodeKey=<*>, NSLocalizedDescription=<*>}","<*>, <*> [CountryConfiguration]: Could not determine current country code: Error Domain=<*> Code=-<*> ""A server with the specified hostname could not be found."" UserInfo={NSUnderlyingError=<*> {Error Domain=<*> Code=-<*> ""A server with the specified hostname could not be found."" UserInfo={NSErrorFailingURLStringKey=<*>, NSErrorFailingURLKey=<*>, _kCFStreamErrorCodeKey=<*>, _kCFStreamErrorDomainKey=<*>, NSLocalizedDescription=<*> server with the specified hostname could not be found.}}, NSErrorFailingURLStringKey=<*>, NSErrorFailingURLKey=<*>, _kCFStreamErrorDomainKey=<*>, _kCFStreamErrorCodeKey=<*>, NSLocalizedDescription=<*> server with the specified hostname could not be found.}","<*>, <*> [CountryConfiguration]: Could not determine current country code: Error Domain=<*> Code=-<*> ""A server with the specified hostname could not be found."" UserInfo={NSUnderlyingError=<*> {Error Domain=<*> Code=-<*> ""A server with the specified hostname could not be found."" UserInfo={NSErrorFailingURLStringKey=<*>, NSErrorFailingURLKey=<*>, _kCFStreamErrorCodeKey=<*>, _kCFStreamErrorDomainKey=<*>, NSLocalizedDescription=<*> server with the specified hostname could not be found.}}, NSErrorFailingURLStringKey=<*>, NSErrorFailingURLKey=<*>, _kCFStreamErrorDomainKey=<*>, _kCFStreamErrorCodeKey=<*>, NSLocalizedDescription=<*> server with the specified hostname could not be found.}",1
"<*> [LogMessageLogging]: [<*>] - Request to send LogMessages of count (<*>) failed with Error: Error Domain=<*> Code=-<*> <*> UserInfo={NSUnderlyingError=<*> {Error Domain=<*> Code=<*> <*> UserInfo={NSErrorFailingURLStringKey=<*>, NSErrorFailingURLKey=<*>, _kCFStreamErrorCodeKey=<*>, _kCFStreamErrorDomainKey=<*>, NSLocalizedDescription=<*>}}, NSErrorFailingURLStringKey=<*>, NSErrorFailingURLKey=<*>, _kCFStreamErrorDomainKey=<*>, _kCFStreamErrorCodeKey=<*>, NSLocalizedDescription=<*>}","<*>, <*> [LogMessageLogging]: [aid-types_12000] - Request to send LogMessages of count (<*>) failed with Error: Error Domain=<*> Code=-<*> ""A server with the specified hostname could not be found."" UserInfo={NSUnderlyingError=<*> {Error Domain=<*> Code=-<*> ""A server with the specified hostname could not be found."" UserInfo={NSErrorFailingURLStringKey=<*>, NSErrorFailingURLKey=<*>, _kCFStreamErrorCodeKey=<*>, _kCFStreamErrorDomainKey=<*>, NSLocalizedDescription=<*> server with the specified hostname could not be found.}}, NSErrorFailingURLStringKey=<*>, NSErrorFailingURLKey=<*>, _kCFStreamErrorDomainKey=<*>, _kCFStreamErrorCodeKey=<*>, NSLocalizedDescription=<*> server with the specified hostname could not be found.}","<*>, <*> [LogMessageLogging]: [aid-types_12000] - Request to send LogMessages of count (<*>) failed with Error: Error Domain=<*> Code=-<*> ""A server with the specified hostname could not be found."" UserInfo={NSUnderlyingError=<*> {Error Domain=<*> Code=-<*> ""A server with the specified hostname could not be found."" UserInfo={NSErrorFailingURLStringKey=<*>, NSErrorFailingURLKey=<*>, _kCFStreamErrorCodeKey=<*>, _kCFStreamErrorDomainKey=<*>, NSLocalizedDescription=<*> server with the specified hostname could not be found.}}, NSErrorFailingURLStringKey=<*>, NSErrorFailingURLKey=<*>, _kCFStreamErrorDomainKey=<*>, _kCFStreamErrorCodeKey=<*>, NSLocalizedDescription=<*> server with the specified hostname could not be found.}",1
<*> : <*> server idle timeout,<*> : AirDrop server idle timeout,<*> : AirDrop server idle timeout,1
.sdef warning for argument <*> of command <*> in suite <*>: <*> is not a valid type name.,.sdef warning for argument 'FileType' of command '<*> file format' is not a valid type name.,.sdef warning for argument <*> of command <*> is not a valid type name.,1
"<*> [LogMessageLogging]: [<*>] - Request to send LogMessages of count (<*>) failed with Error: Error Domain=<*> Code=-<*> <*> UserInfo={NSUnderlyingError=<*> {Error Domain=<*> Code=<*> <*> UserInfo={NSErrorFailingURLStringKey=<*>, NSErrorFailingURLKey=<*>, _kCFStreamErrorCodeKey=<*>, _kCFStreamErrorDomainKey=<*>, NSLocalizedDescription=<*>}}, NSErrorFailingURLStringKey=<*>, NSErrorFailingURLKey=<*>, _kCFStreamErrorDomainKey=<*>, _kCFStreamErrorCodeKey=<*>, NSLocalizedDescription=<*>}","<*>, <*> [LogMessageLogging]: [aid-types_14000] - Request to send LogMessages of count (<*>) failed with Error: Error Domain=<*> Code=-<*> ""The network connection was lost."" UserInfo={NSUnderlyingError=<*> {Error Domain=<*> Code=-<*> ""The network connection was lost."" UserInfo={NSErrorFailingURLStringKey=<*>, NSErrorFailingURLKey=<*>, _kCFStreamErrorCodeKey=<*>, _kCFStreamErrorDomainKey=<*>, NSLocalizedDescription=<*> network connection was lost.}}, NSErrorFailingURLStringKey=<*>, NSErrorFailingURLKey=<*>, _kCFStreamErrorDomainKey=<*>, _kCFStreamErrorCodeKey=<*>, NSLocalizedDescription=<*> network connection was lost.}","<*>, <*> [LogMessageLogging]: [aid-types_14000] - Request to send LogMessages of count (<*>) failed with Error: Error Domain=<*> Code=-<*> ""The network connection was lost."" UserInfo={NSUnderlyingError=<*> {Error Domain=<*> Code=-<*> ""The network connection was lost."" UserInfo={NSErrorFailingURLStringKey=<*>, NSErrorFailingURLKey=<*>, _kCFStreamErrorCodeKey=<*>, _kCFStreamErrorDomainKey=<*>, NSLocalizedDescription=<*> network connection was lost.}}, NSErrorFailingURLStringKey=<*>, NSErrorFailingURLKey=<*>, _kCFStreamErrorDomainKey=<*>, _kCFStreamErrorCodeKey=<*>, NSLocalizedDescription=<*> network connection was lost.}",1
"<*> [NetworkDefaults]: Error updating network defaults: Error Domain=<*> Code=-<*> <*>"" UserInfo={NSUnderlyingError=<*> {Error Domain=<*> Code=<*> ""(<*>)"" UserInfo={_kCFStreamErrorCodeKey=-<*>, _kCFStreamErrorDomainKey=<*>}}, NSErrorFailingURLStringKey=<*>, NSErrorFailingURLKey=<*>, _kCFStreamErrorDomainKey=<*>, _kCFStreamErrorCodeKey=-<*>, NSLocalizedDescription=<*>}","<*>, <*> [NetworkDefaults]: Error updating network defaults: Error Domain=<*> Code=-<*> ""The request timed out."" UserInfo={NSUnderlyingError=<*> {Error Domain=<*> Code=-<*> ""(null)"" UserInfo={_kCFStreamErrorCodeKey=-<*>, _kCFStreamErrorDomainKey=<*>}}, NSErrorFailingURLStringKey=<*>, NSErrorFailingURLKey=<*>, _kCFStreamErrorDomainKey=<*>, _kCFStreamErrorCodeKey=-<*>, NSLocalizedDescription=<*> request timed out.}","<*>, <*> [NetworkDefaults]: Error updating network defaults: Error Domain=<*> Code=-<*> ""The request timed out."" UserInfo={NSUnderlyingError=<*> {Error Domain=<*> Code=-<*> ""(null)"" UserInfo={_kCFStreamErrorCodeKey=-<*>, _kCFStreamErrorDomainKey=<*>}}, NSErrorFailingURLStringKey=<*>, NSErrorFailingURLKey=<*>, _kCFStreamErrorDomainKey=<*>, _kCFStreamErrorCodeKey=-<*>, NSLocalizedDescription=<*> request timed out.}",1
<*> could not connect to networkd,__net_helper_get_connection_block_invoke_3 could not connect to networkd,__net_helper_get_connection_block_invoke_3 could not connect to networkd,1
<*> ksinstall[<*>] [lvl=<*>] -[KeystoneInstallBackend install] Google Software Update attempting to install.,<*> ksinstall[<*>] [lvl=<*>] -[KeystoneInstallBackend install] Google Software Update attempting to install.,<*> ksinstall[<*>] [lvl=<*>] -[KeystoneInstallBackend install] Google Software Update attempting to install.,1
"service_resolve_router_complete <*>: ARP failed, arp_client_transmit(<*>) failed, Network is down (<*>)","service_resolve_router_complete en0: ARP failed, arp_client_transmit(en0) failed, Network is down (<*>)","service_resolve_router_complete en0: ARP failed, arp_client_transmit(en0) failed, Network is down (<*>)",1
"select(<*>, <*> <*>) error: Bad file descriptor","select(<*>, #########--------------------, 0L, 0L, &<*>) error: Bad file descriptor","select(<*>, #########--------------------, 0L, 0L, &<*>) error: Bad file descriptor",1
<*> ksinstall[<*>] [lvl=<*>] -[KeystoneInstallTool main] Google Software Update installer started.,<*> ksinstall[<*>] [lvl=<*>] -[KeystoneInstallTool main] Google Software Update installer started.,<*> ksinstall[<*>] [lvl=<*>] -[KeystoneInstallTool main] Google Software Update installer started.,1
<*> ksinstall[<*>] [lvl=<*>] -[KeystoneInstallTool main] Google Software Update installer starting Installation.,<*> ksinstall[<*>] [lvl=<*>] -[KeystoneInstallTool main] Google Software Update installer starting Installation.,<*> ksinstall[<*>] [lvl=<*>] -[KeystoneInstallTool main] Google Software Update installer starting Installation.,1
process <*>[<*>] caught causing excessive wakeups. EXC_RESOURCE supressed due to audio playback,process WeChat[<*>] caught causing excessive wakeups. EXC_RESOURCE supressed due to audio playback,process WeChat[<*>] caught causing excessive wakeups. EXC_RESOURCE supressed due to audio playback,1
<MMSplitView: <*>: the delegate <MMMainViewController: <*> was sent -splitView:resizeSubviewsWithOldSize: and left the arranged view frames in an inconsistent state:,<MMSplitView: <*>: the delegate <MMMainViewController: <*> was sent -splitView:resizeSubviewsWithOldSize: and left the arranged view frames in an inconsistent state:,<MMSplitView: <*>: the delegate <MMMainViewController: <*> was sent -splitView:resizeSubviewsWithOldSize: and left the arranged view frames in an inconsistent state:,1
tcp_connection_tls_session_error_callback_imp <*> error <*>,tcp_connection_tls_session_error_callback_imp <*> tcp_connection_tls_session_handle_read_error.<*> error <*>,tcp_connection_tls_session_error_callback_imp <*> tcp_connection_tls_session_handle_read_error.<*> error <*>,1
AOSKit ERROR: XPC CLIENT: Connection <*> event handler received event with type: [<*>]. Description: <*>,AOSKit ERROR: XPC CLIENT: Connection [<*>] event handler received event with type: [XPC_TYPE_ERROR]. Description: [Connection interrupted],AOSKit ERROR: XPC CLIENT: Connection [<*>] event handler received event with type: [XPC_TYPE_ERROR]. Description: [Connection interrupted],1
ARPT: <*>: <*>: leaveModulePoweredForOffloads: Wi-Fi will turn off.,ARPT: <*>: wl0: leaveModulePoweredForOffloads: Wi-Fi will turn off.,ARPT: <*>: wl0: leaveModulePoweredForOffloads: Wi-Fi will turn off.,1
time set <*> s,time set +<*>,time set +<*>,1
<*> : Terminate AirDrop P2P link,<*> : Terminate AirDrop P2P link,<*> : Terminate AirDrop P2P link,1
<*> ksinstall[<*>] [lvl=<*>] -[KeystoneInstallBackend shouldInstallWithVersion:error:] Google Software Update found version that is the same or newer: <*>.,<*> ksinstall[<*>] [lvl=<*>] -[KeystoneInstallBackend shouldInstallWithVersion:error:] Google Software Update found version that is the same or newer: <*>.,<*> ksinstall[<*>] [lvl=<*>] -[KeystoneInstallBackend shouldInstallWithVersion:error:] Google Software Update found version that is the same or newer: <*>.,1
"[QL] After retry, preview was from a different type for <QLPreview <*>","[QL] After retry, preview was from a different type for <QLPreview <*> file:<*>%E6%<*>%E6%A1%A36.docx>","[QL] After retry, preview was from a different type for <QLPreview <*> file:<*>%E6%<*>%E6%A1%A36.docx>",1
network changed: <*> DNS Proxy SMB,0,0,1
DHCP <*>: INIT transmit failed,DHCP en0: INIT transmit failed,DHCP en0: INIT transmit failed,1
Sandbox: com.apple.WebKit(<*>) Sandbox: deny(<*>) <*>,Sandbox: <*>) Sandbox: deny(com1) .apple.WfileebK-read-data <*>,Sandbox: <*>) Sandbox: deny(com1) .apple.WfileebK-read-data <*>,1
Sandbox: com.apple.WebKit(<*>) deny(<*>) ipc-posix-sem SandboxingDetectionTest,Sandbox: <*>) deny(<*>) ipc-posix-sem SandboxingDetectionTest,Sandbox: <*>) deny(<*>) ipc-posix-sem SandboxingDetectionTest,1
Saved crash report for Finder[<*>] version <*> (<*>) to <*>,Saved crash report for Finder[<*>] version <*> (<*>) to <*>,Saved crash report for Finder[<*>] version <*> (<*>) to <*>,1
Service exited due to signal: Segmentation fault: <*>,Service exited due to signal: Segmentation fault: <*>,Service exited due to signal: Segmentation fault: <*>,1
Skipping STATUS for <*> because CHECK failed with error: (<*>),Skipping STATUS for Deleted Messages because CHECK failed with error: (null),Skipping STATUS for Deleted Messages because CHECK failed with error: (null),1
Skipping STATUS for <*> because CHECK failed with error: (<*>),Skipping STATUS for INBOX because CHECK failed with error: (null),Skipping STATUS for INBOX because CHECK failed with error: (null),1
Skipping STATUS for <*> because CHECK failed with error: (<*>),Skipping STATUS for [Gmail]/All Mail because CHECK failed with error: (null),Skipping STATUS for [Gmail]/All Mail because CHECK failed with error: (null),1
"Split view bounds: {{<*>, <*>}, {<*>, <*>}}","Split view bounds: {{<*>, <*>}, {<*>, <*>}}","Split view bounds: {{<*>, <*>}, {<*>, <*>}}",1
"The outer edges of the arranged view frames are supposed to line up with the split view's bounds' edges. NSSplitView is working around the problem, perhaps at the cost of more redrawing. (This message is only logged once per NSSplitView.)","The outer edges of the arranged view frames are supposed to line up with the split view's bounds' edges. NSSplitView is working around the problem, perhaps at the cost of more redrawing. (This message is only logged once per NSSplitView.)","The outer edges of the arranged view frames are supposed to line up with the split view's bounds' edges. NSSplitView is working around the problem, perhaps at the cost of more redrawing. (This message is only logged once per NSSplitView.)",1
USER_PROCESS: <*>,USER_PROCESS: <*> ttys000,USER_PROCESS: <*> ttys000,1
dynamic_cast error <*>: One or more of the following type_info's has hidden visibility. They should all have public visibility. <*> <*>.,"dynamic_cast error <*>: One or more of the following type_info's has hidden visibility. They should all have public visibility. N11OfficeSpace11IDataSourceE, N3Art30NativeExecuteActionControlUserE, 22CMsoGalleryUserDefault.","dynamic_cast error <*>: One or more of the following type_info's has hidden visibility. They should all have public visibility. N11OfficeSpace11IDataSourceE, N3Art30NativeExecuteActionControlUserE, 22CMsoGalleryUserDefault.",1
Warning: I could not find the column named <*>'.,Warning: I could not find the column named 'height'.,Warning: I could not find the column named 'height'.,1
Warning: I could not find the column named <*>'.,Warning: I could not find the column named 'width'.,Warning: I could not find the column named 'width'.,1
[<*>] <<< CFByteFlume >>> fbf_TCPConnEventHandler: [<*>] tcp_connection failed during reconnection attempt: error = <*>,[<*>] <<< CFByteFlume >>> fbf_TCPConnEventHandler: [<*>] tcp_connection failed during reconnection attempt: error = <*>,[<*>] <<< CFByteFlume >>> fbf_TCPConnEventHandler: [<*>] tcp_connection failed during reconnection attempt: error = <*>,1
"[<*>] <<< FFR_Common >>> FigFormatReaderCreateForStreamReturningMatchingContainerLabelType: *** Could not create format reader for URL <*>,video FileType <*> MIMETYPE <*> SuggFileName (<*>) instantiationError = <*>","[<*>] <<< FFR_Common >>> FigFormatReaderCreateForStreamReturningMatchingContainerLabelType: *** Could not create format reader for URL http:<*>=&refer=<*>&Expires=<*>&ssig=<*>&KID=<*>,video FileType '????' MIMETYPE <*> SuggFileName (null) instantiationError = -<*>","[<*>] <<< FFR_Common >>> FigFormatReaderCreateForStreamReturningMatchingContainerLabelType: *** Could not create format reader for URL http:<*>=&refer=<*>&Expires=<*>&ssig=<*>&KID=<*>,video FileType '????' MIMETYPE <*> SuggFileName (null) instantiationError = -<*>",1
deny(<*>) file-read-data <*>,deny(<*>) file-read-data <*>,deny(<*>) file-read-data <*>,1
code validation failed in the process of getting signing information: Error Domain=<*> Code=<*> <*> UserInfo={SecCSArchitecture=<*>},"code validation failed in the process of getting signing information: Error Domain=<*> Code=-<*> ""(null)"" UserInfo={SecCSArchitecture=<*>}","code validation failed in the process of getting signing information: Error Domain=<*> Code=-<*> ""(null)"" UserInfo={SecCSArchitecture=<*>}",1
[<*>] FigDCP_GetCacheFileVersion signalled err=<*> (<*>) (unsupported file version) at <*> line <*>,[<*>] FigDCP_GetCacheFileVersion signalled err=-<*> (kFigDiskCacheProviderError_InvalidCacheFile) (unsupported file version) at <*> line <*>,[<*>] FigDCP_GetCacheFileVersion signalled err=-<*> (kFigDiskCacheProviderError_InvalidCacheFile) (unsupported file version) at <*> line <*>,1
[<*>] FigFormatReaderCreateForStreamReturningMatchingContainerLabelType signalled err=<*> (<*>) (Error creating FormatReader) at <*> line <*>,[<*>] FigFormatReaderCreateForStreamReturningMatchingContainerLabelType signalled err=-<*> (instantiationError) (Error creating FormatReader) at <*> line <*>,[<*>] FigFormatReaderCreateForStreamReturningMatchingContainerLabelType signalled err=-<*> (instantiationError) (Error creating FormatReader) at <*> line <*>,1
box: <*> deny(<*>) file-read-data <*>,box: <*>) deny(<*>) file-read-data <*>,box: <*>) deny(<*>) file-read-data <*>,1
[<*>] HTTPRequest figHTTPRequestCreateErrorComment: encountered an error: HTTP <*>: File Not Found,[<*>] HTTPRequest figHTTPRequestCreateErrorComment: encountered an error: HTTP <*>: File Not Found,[<*>] HTTPRequest figHTTPRequestCreateErrorComment: encountered an error: HTTP <*>: File Not Found,1
[<*>] HTTPRequest figHTTPRequestCreateErrorComment: encountered an error: HTTP <*>: Forbidden,[<*>] HTTPRequest figHTTPRequestCreateErrorComment: encountered an error: HTTP <*>: Forbidden,[<*>] HTTPRequest figHTTPRequestCreateErrorComment: encountered an error: HTTP <*>: Forbidden,1
[<*>] clientHandledCustomURLCancel signalled err=<*> (<*>) (No matching request found) at <*> line <*>,[<*>] clientHandledCustomURLCancel signalled err=-<*> (kFigHTTPError_ParamErr) (No matching request found) at <*> line <*>,[<*>] clientHandledCustomURLCancel signalled err=-<*> (kFigHTTPError_ParamErr) (No matching request found) at <*> line <*>,1
"__nw_path_evaluator_start_helper_connection_block_invoke net_helper_path_evaluation_start callback failed, dumping backtrace:","__nw_path_evaluator_start_helper_connection_block_invoke net_helper_path_evaluation_start callback failed, dumping backtrace:","__nw_path_evaluator_start_helper_connection_block_invoke net_helper_path_evaluation_start callback failed, dumping backtrace:",1
__mDNSGetRemoteMAC_block_invoke: Mach communication failed: <*> (os/kern) no space available,__mDNSGetRemoteMAC_block_invoke: Mach communication failed: <*> (<*>) no space available,__mDNSGetRemoteMAC_block_invoke: Mach communication failed: <*> (<*>) no space available,1
[<*>] figHttpRequestDidReceiveResponseCallback signalled err=<*> (<*>) (<*> File Not Found) at <*> line <*>,[<*>] figHttpRequestDidReceiveResponseCallback signalled err=-<*> (kFigHTTPError_FileNotFound) (<*> File Not Found) at <*> line <*>,[<*>] figHttpRequestDidReceiveResponseCallback signalled err=-<*> (kFigHTTPError_FileNotFound) (<*> File Not Found) at <*> line <*>,1
[<*>] figHttpRequestDidReceiveResponseCallback signalled err=<*> (<*>) (<*> Forbidden) at <*> line <*>,[<*>] figHttpRequestDidReceiveResponseCallback signalled err=-<*> (kFigHTTPError_Forbidden) (<*> Forbidden) at <*> line <*>,[<*>] figHttpRequestDidReceiveResponseCallback signalled err=-<*> (kFigHTTPError_Forbidden) (<*> Forbidden) at <*> line <*>,1
Sandbox: com.apple.Sandbox: WebKit(<*>) plede.WebKny(<*>)i file-reat(<*>) <*>,Sandbox: <*>: WebKit(co98m.ap54) plede.WebKny(<*>)i file-reat(d-data98 /priv54) <*>,Sandbox: <*>: WebKit(co98m.ap54) plede.WebKny(<*>)i file-reat(d-data98 /priv54) <*>,1
Sandbox: SpotlightNetHelp(<*>) deny(<*>) file-read-data <*>,Sandbox: SpotlightNetHelp(<*>) deny(<*>) file-read-data <*> Methods,Sandbox: <*>) deny(<*>) file-read-data <*>,1
Sandbox: SpotlightNetHelp(<*>) deny(<*>) file-read-data <*>,Sandbox: SpotlightNetHelp(<*>) deny(<*>) file-read-data <*> Layouts,Sandbox: <*>) deny(<*>) file-read-data <*>,1
KSPersistentTicketStore failed to load tickets. (productID: <*>) [<*> - '<*>'] (KSKeyedPersistentStore store directory does not exist. - <*> [<*>]),KSPersistentTicketStore failed to load tickets. (productID: <*>) [<*> - '<*>'] (KSKeyedPersistentStore store directory does not exist. - <*> [<*>]),KSPersistentTicketStore failed to load tickets. (productID: <*>) [<*> - '<*>'] (KSKeyedPersistentStore store directory does not exist. - <*> [<*>]),1
moduleFromLegacyDefaults: <ScreenSaverDefaults: <*>,moduleFromLegacyDefaults: <ScreenSaverDefaults: <*>,moduleFromLegacyDefaults: <ScreenSaverDefaults: <*>,1
ERROR: send_all(<*>) wrote <*> of <*> errno <*> (Broken pipe),ERROR: send_all(<*>) wrote -<*> of <*> errno <*> (Broken pipe),ERROR: send_all(<*>) wrote -<*> of <*> errno <*> (Broken pipe),1
EWSGetItemResponseType returned no results; the request may have timed out.,EWSGetItemResponseType returned no results; the request may have timed out.,EWSGetItemResponseType returned no results; the request may have timed out.,1
Errors logged by ksadmin: KSKeyedPersistentStore store directory does not exist. [<*> - <*> - '<*>'],Errors logged by ksadmin: KSKeyedPersistentStore store directory does not exist. [<*> - <*> - 'KSKeyedPersistentStore.m:<*>'],Errors logged by ksadmin: KSKeyedPersistentStore store directory does not exist. [<*> - <*> - 'KSKeyedPersistentStore.m:<*>'],1
ksadmin cannot access the ticket store:<KSUpdateError:<*>,ksadmin cannot access the ticket store:<KSUpdateError:<*>,ksadmin cannot access the ticket store:<KSUpdateError:<*>,1
[HID] [MT] MTSimpleHIDManager::deviceDidBootload device bootloaded,[HID] [MT] MTSimpleHIDManager::deviceDidBootload device bootloaded,[HID] [MT] MTSimpleHIDManager::deviceDidBootload device bootloaded,1
it(<*>) deny(<*>) file-read-data <*>,it(<*>) deny(<*>) file-read-data <*>,it(<*>) deny(<*>) file-read-data <*>,1
"Google Chrome[<*>] triggered unnest of range <*> of DYLD shared region in VM map <*> While not abnormal for debuggers, this increases system memory footprint until the target exits.","Google Chrome[<*>] triggered unnest of range <*> of DYLD shared region in VM map <*> While not abnormal for debuggers, this increases system memory footprint until the target exits.","Google Chrome[<*>] triggered unnest of range <*> of DYLD shared region in VM map <*> While not abnormal for debuggers, this increases system memory footprint until the target exits.",1
Got xpc error message in libspindump client connection: Connection invalid,Got xpc error message in libspindump client connection: Connection invalid,Got xpc error message in libspindump client connection: Connection invalid,1
IO80211AWDLMulticastPeer::transmitSuccess(): Alert. Expecting to receive tx status for sequence <*> got <*>,IO80211AWDLMulticastPeer::transmitSuccess(): Alert. Expecting to receive tx status for sequence <*> got <*>,IO80211AWDLMulticastPeer::transmitSuccess(): Alert. Expecting to receive tx status for sequence <*> got <*>,1
IO80211AWDLPeerManager::monitorAWDLState Disabling AWDL due to no services and no active sockets,IO80211AWDLPeerManager::monitorAWDLState Disabling AWDL due to no services and no active sockets,IO80211AWDLPeerManager::monitorAWDLState Disabling AWDL due to no services and no active sockets,1
KSKeyedPersistentStore store directory does not exist. [<*> - <*> - '<*>'],KSKeyedPersistentStore store directory does not exist. [<*> - <*> - 'KSKeyedPersistentStore.m:<*>'],KSKeyedPersistentStore store directory does not exist. [<*> - <*> - 'KSKeyedPersistentStore.m:<*>'],1
#<*> [I:AssetCacheLocatorService.queue] found no caching servers,#<*> [I:AssetCacheLocatorService.queue] found no caching servers,#<*> [I:AssetCacheLocatorService.queue] found no caching servers,1
Sandbox: Finder(<*>) System Policy: deny(<*>) file-write-create <*>,Sandbox: Finder(<*>) System Policy: deny(<*>) file-write-create <*>,Sandbox: Finder(<*>) System Policy: deny(<*>) file-write-create <*>,1
Lookup: Unhandled exception <*> caught in -[<*>],Lookup: Unhandled exception 'NSInternalInconsistencyException' caught in -[LULookupDefinitionModule lookupAnimationControllerForString:range:options:originProvider:inView:],Lookup: Unhandled exception 'NSInternalInconsistencyException' caught in -[LULookupDefinitionModule lookupAnimationControllerForString:range:options:originProvider:inView:],1
MessageTracer: load_domain_prefix_whitelist:<*>: Opening whitelist file: <*>,MessageTracer: load_domain_prefix_whitelist:<*>: Opening whitelist file: <*>,MessageTracer: load_domain_prefix_whitelist:<*>: Opening whitelist file: <*>,1
NSFileSandboxingRequestRelatedItemExtension: an error was received from pboxd instead of a token. Domain: <*> code: <*>,"NSFileSandboxingRequestRelatedItemExtension: an error was received from pboxd instead of a token. Domain: NSPOSIXErrorDomain, code: <*>","NSFileSandboxingRequestRelatedItemExtension: an error was received from pboxd instead of a token. Domain: NSPOSIXErrorDomain, code: <*>",1
NSScanner: nil string argument,NSScanner: nil string argument,NSScanner: nil string argument,1
NSWindow warning: adding an unknown subview: <FullSizeContentView: <*> Break on NSLog to debug.,NSWindow warning: adding an unknown subview: <FullSizeContentView: <*> Break on NSLog to debug.,NSWindow warning: adding an unknown subview: <FullSizeContentView: <*> Break on NSLog to debug.,1
QuickLookUIHelpe(<*>) deny file-read-data <*>,<*>) deny file-read-data <*>,<*>) deny file-read-data <*>,1
RTC: Alarm <*> sleep <*>,RTC: Alarm <*> sleep <*>,RTC: Alarm <*> sleep <*>,1
Returning cached encoded userInfo (<*>),Returning cached encoded userInfo (UAUserActivity.m #<*>),Returning cached encoded userInfo (UAUserActivity.m #<*>),1
Reverting sleep with relative wake,Reverting sleep with relative wake,Reverting sleep with relative wake,1
Running weekly periodic task.,Running weekly periodic task.,Running weekly periodic task.,1
SSaandbox:ndb ox: <*>(bKit(<*>) ) ddeennyy((<*>)) fifleile-re-raedad--ddaattaa <*>,SSaandbox:ndb ox: <*>(bKit(<*>) ) ddeennyy((<*>)) fifleile-re-raedad--ddaattaa <*>,SSaandbox:ndb ox: <*>(bKit(<*>) ) ddeennyy((<*>)) fifleile-re-raedad--ddaattaa <*>,1
SSandbandbox: ox: <*>(le.WebKit(<*>) <*>) deny(deny(<*>) <*>) filee--rreaead-data <*>,SSandbandbox: ox: <*>(le.WebKit(<*>) <*>) deny(deny(<*>) 1fil) filee--rreaead-data <*> /osts,SSandbandbox: ox: <*>(le.WebKit(<*>) <*>) deny(deny(<*>) 1fil) filee--rreaead-data <*> /osts,1
"zip importer encountered an error (<*>) scanning ""<*>"".","zip importer encountered an error (-<*>) scanning ""<*>"".","zip importer encountered an error (-<*>) scanning ""<*>"".",1
